"ID","ID2","NAME","E_NAME","STR","INT","WIS","DEX","CON","CHA","DIS","DEV","SAV","STL","SRH","FOS","THN","THB","INFRA","HITD_M","EXP","FLAGS"
"0 ","UNIQUE",,,"0 ","0 ","0 ","0 ","0 ","0 ","0 ","0 ","0 ","0 ","0 ","0 ","0 ","0 ","0 ","0 ","0 ",
"1 ","QUESTOR",,,"0 ","0 ","0 ","0 ","0 ","0 ","0 ","0 ","0 ","0 ","0 ","0 ","0 ","0 ","0 ","0 ","0 ",
"2 ","STIGMATIC",,,"0 ","0 ","0 ","0 ","0 ","0 ","0 ","0 ","0 ","0 ","0 ","0 ","0 ","0 ","0 ","0 ","0 ",
"3 ","XXX",,,"0 ","0 ","0 ","0 ","0 ","0 ","0 ","0 ","0 ","0 ","0 ","0 ","0 ","0 ","0 ","0 ","0 ",
"4 ","CHAR_CLEAR",,,"0 ","0 ","0 ","0 ","0 ","0 ","0 ","0 ","0 ","0 ","0 ","0 ","0 ","0 ","0 ","0 ","0 ",
"5 ","SHAPECHANGER",,,"0 ","0 ","0 ","0 ","0 ","0 ","0 ","0 ","0 ","0 ","0 ","0 ","0 ","0 ","0 ","0 ","0 ",
"6 ","ATTR_CLEAR",,,"0 ","0 ","0 ","0 ","0 ","0 ","0 ","0 ","0 ","0 ","0 ","0 ","0 ","0 ","0 ","0 ","0 ",
"7 ","ATTR_MULTI",,,"0 ","0 ","0 ","0 ","0 ","0 ","0 ","0 ","0 ","0 ","0 ","0 ","0 ","0 ","0 ","0 ","0 ",
"8 ","FORCE_DEPTH",,,"0 ","0 ","0 ","0 ","0 ","0 ","0 ","0 ","0 ","0 ","0 ","0 ","0 ","0 ","0 ","0 ","0 ",
"9 ","FORCE_MAXHP",,,"0 ","0 ","0 ","0 ","0 ","0 ","0 ","0 ","0 ","0 ","0 ","0 ","0 ","0 ","0 ","0 ","0 ",
"10 ","FORCE_SLEEP",,,"0 ","0 ","0 ","0 ","0 ","0 ","0 ","0 ","0 ","0 ","0 ","0 ","0 ","0 ","0 ","0 ","0 ",
"11 ","FORCE_EXTRA",,,"0 ","0 ","0 ","0 ","0 ","0 ","0 ","0 ","0 ","0 ","0 ","0 ","0 ","0 ","0 ","0 ","0 ",
"12 ","ATTR_SEMIRAND",,,"0 ","0 ","0 ","0 ","0 ","0 ","0 ","0 ","0 ","0 ","0 ","0 ","0 ","0 ","0 ","0 ","0 ",
"13 ","FRIENDS",,,"0 ","0 ","0 ","0 ","0 ","0 ","0 ","0 ","0 ","0 ","0 ","0 ","0 ","0 ","0 ","0 ","0 ",
"14 ","ESCORT",,,"0 ","0 ","0 ","0 ","0 ","0 ","0 ","0 ","0 ","0 ","0 ","0 ","0 ","0 ","0 ","0 ","0 ",
"15 ","ESCORTS",,,"0 ","0 ","0 ","0 ","0 ","0 ","0 ","0 ","0 ","0 ","0 ","0 ","0 ","0 ","0 ","0 ","0 ",
"16 ","NEVER_BLOW",,,"0 ","0 ","0 ","0 ","0 ","0 ","0 ","0 ","0 ","0 ","0 ","0 ","0 ","0 ","0 ","0 ","0 ",
"17 ","NEVER_MOVE",,,"0 ","0 ","0 ","0 ","0 ","0 ","0 ","0 ","0 ","0 ","0 ","0 ","0 ","0 ","0 ","0 ","0 ",
"18 ","RAND_25",,,"0 ","0 ","0 ","0 ","0 ","0 ","0 ","0 ","0 ","0 ","0 ","0 ","0 ","0 ","0 ","0 ","0 ",
"19 ","RAND_50",,,"0 ","0 ","0 ","0 ","0 ","0 ","0 ","0 ","0 ","0 ","0 ","0 ","0 ","0 ","0 ","0 ","0 ",
"20 ","ONLY_GOLD",,,"0 ","0 ","0 ","0 ","0 ","0 ","0 ","0 ","0 ","0 ","0 ","0 ","0 ","0 ","0 ","0 ","0 ",
"21 ","ONLY_ITEM",,,"0 ","0 ","0 ","0 ","0 ","0 ","0 ","0 ","0 ","0 ","0 ","0 ","0 ","0 ","0 ","0 ","0 ",
"22 ","DROP_60",,,"0 ","0 ","0 ","0 ","0 ","0 ","0 ","0 ","0 ","0 ","0 ","0 ","0 ","0 ","0 ","0 ","0 ",
"23 ","DROP_90",,,"0 ","0 ","0 ","0 ","0 ","0 ","0 ","0 ","0 ","0 ","0 ","0 ","0 ","0 ","0 ","0 ","0 ",
"24 ","DROP_1D2",,,"0 ","0 ","0 ","0 ","0 ","0 ","0 ","0 ","0 ","0 ","0 ","0 ","0 ","0 ","0 ","0 ","0 ",
"25 ","DROP_2D2",,,"0 ","0 ","0 ","0 ","0 ","0 ","0 ","0 ","0 ","0 ","0 ","0 ","0 ","0 ","0 ","0 ","0 ",
"26 ","DROP_3D2",,,"0 ","0 ","0 ","0 ","0 ","0 ","0 ","0 ","0 ","0 ","0 ","0 ","0 ","0 ","0 ","0 ","0 ",
"27 ","DROP_4D2",,,"0 ","0 ","0 ","0 ","0 ","0 ","0 ","0 ","0 ","0 ","0 ","0 ","0 ","0 ","0 ","0 ","0 ",
"28 ","DROP_GOOD",,,"0 ","0 ","0 ","0 ","0 ","0 ","0 ","0 ","0 ","0 ","0 ","0 ","0 ","0 ","0 ","0 ","0 ",
"29 ","DROP_GREAT",,,"0 ","0 ","0 ","0 ","0 ","0 ","0 ","0 ","0 ","0 ","0 ","0 ","0 ","0 ","0 ","0 ","0 ",
"30 ","LEFT_HANDER",,,"0 ","0 ","0 ","0 ","0 ","0 ","0 ","0 ","0 ","0 ","0 ","0 ","0 ","0 ","0 ","0 ","0 ",
"31 ","NO_DEVOTEE",,,"0 ","0 ","0 ","0 ","0 ","0 ","0 ","0 ","0 ","0 ","0 ","0 ","0 ","0 ","0 ","0 ","0 ",
"32 ","STUPID",,,"0 ","0 ","0 ","0 ","0 ","0 ","0 ","0 ","0 ","0 ","0 ","0 ","0 ","0 ","0 ","0 ","0 ",
"33 ","SMART",,,"0 ","0 ","0 ","0 ","0 ","0 ","0 ","0 ","0 ","0 ","0 ","0 ","0 ","0 ","0 ","0 ","0 ",
"34 ","CAN_SPEAK",,,"0 ","0 ","0 ","0 ","0 ","0 ","0 ","0 ","0 ","0 ","0 ","0 ","0 ","0 ","0 ","0 ","0 ",
"35 ","REFLECTING",,,"0 ","0 ","0 ","0 ","0 ","0 ","0 ","0 ","0 ","0 ","0 ","0 ","0 ","0 ","0 ","0 ","0 ",
"36 ","INVISIBLE",,,"0 ","0 ","0 ","0 ","0 ","0 ","0 ","0 ","0 ","0 ","0 ","0 ","0 ","0 ","0 ","0 ","0 ",
"37 ","COLD_BLOOD",,,"0 ","0 ","0 ","0 ","0 ","0 ","0 ","0 ","0 ","0 ","0 ","0 ","0 ","0 ","0 ","0 ","0 ",
"38 ","EMPTY_MIND",,,"0 ","0 ","0 ","0 ","0 ","0 ","0 ","0 ","0 ","0 ","0 ","0 ","0 ","0 ","0 ","0 ","0 ",
"39 ","WEIRD_MIND",,,"0 ","0 ","0 ","0 ","0 ","0 ","0 ","0 ","0 ","0 ","0 ","0 ","0 ","0 ","0 ","0 ","0 ",
"40 ","MULTIPLY",,,"0 ","0 ","0 ","0 ","0 ","0 ","0 ","0 ","0 ","0 ","0 ","0 ","0 ","0 ","0 ","0 ","0 ",
"41 ","REGENERATE",,,"0 ","0 ","0 ","0 ","0 ","0 ","0 ","0 ","0 ","0 ","0 ","0 ","0 ","0 ","0 ","0 ","0 ",
"42 ","CHAR_MULTI",,,"0 ","0 ","0 ","0 ","0 ","0 ","0 ","0 ","0 ","0 ","0 ","0 ","0 ","0 ","0 ","0 ","0 ",
"43 ","ATTR_ANY",,,"0 ","0 ","0 ","0 ","0 ","0 ","0 ","0 ","0 ","0 ","0 ","0 ","0 ","0 ","0 ","0 ","0 ",
"44 ","POWERFUL",,,"0 ","0 ","0 ","0 ","0 ","0 ","0 ","0 ","0 ","0 ","0 ","0 ","0 ","0 ","0 ","0 ","0 ",
"45 ","ELDRITCH_HORROR",,,"0 ","0 ","0 ","0 ","0 ","0 ","0 ","0 ","0 ","0 ","0 ","0 ","0 ","0 ","0 ","0 ","0 ",
"46 ","AURA_FIRE",,,"0 ","0 ","0 ","0 ","0 ","0 ","0 ","0 ","0 ","0 ","0 ","0 ","0 ","0 ","0 ","0 ","0 ",
"47 ","AURA_ELEC",,,"0 ","0 ","0 ","0 ","0 ","0 ","0 ","0 ","0 ","0 ","0 ","0 ","0 ","0 ","0 ","0 ","0 ",
"48 ","OPEN_DOOR",,,"0 ","0 ","0 ","0 ","0 ","0 ","0 ","0 ","0 ","0 ","0 ","0 ","0 ","0 ","0 ","0 ","0 ",
"49 ","BASH_DOOR",,,"0 ","0 ","0 ","0 ","0 ","0 ","0 ","0 ","0 ","0 ","0 ","0 ","0 ","0 ","0 ","0 ","0 ",
"50 ","PASS_WALL",,,"0 ","0 ","0 ","0 ","0 ","0 ","0 ","0 ","0 ","0 ","0 ","0 ","0 ","0 ","0 ","0 ","0 ",
"51 ","KILL_WALL",,,"0 ","0 ","0 ","0 ","0 ","0 ","0 ","0 ","0 ","0 ","0 ","0 ","0 ","0 ","0 ","0 ","0 ",
"52 ","MOVE_BODY",,,"0 ","0 ","0 ","0 ","0 ","0 ","0 ","0 ","0 ","0 ","0 ","0 ","0 ","0 ","0 ","0 ","0 ",
"53 ","KILL_BODY",,,"0 ","0 ","0 ","0 ","0 ","0 ","0 ","0 ","0 ","0 ","0 ","0 ","0 ","0 ","0 ","0 ","0 ",
"54 ","TAKE_ITEM",,,"0 ","0 ","0 ","0 ","0 ","0 ","0 ","0 ","0 ","0 ","0 ","0 ","0 ","0 ","0 ","0 ","0 ",
"55 ","KILL_ITEM",,,"0 ","0 ","0 ","0 ","0 ","0 ","0 ","0 ","0 ","0 ","0 ","0 ","0 ","0 ","0 ","0 ","0 ",
"56 ","IGNORE_SIZE",,,"0 ","0 ","0 ","0 ","0 ","0 ","0 ","0 ","0 ","0 ","0 ","0 ","0 ","0 ","0 ","0 ","0 ",
"57 ","XXX",,,"0 ","0 ","0 ","0 ","0 ","0 ","0 ","0 ","0 ","0 ","0 ","0 ","0 ","0 ","0 ","0 ","0 ",
"58 ","XXX",,,"0 ","0 ","0 ","0 ","0 ","0 ","0 ","0 ","0 ","0 ","0 ","0 ","0 ","0 ","0 ","0 ","0 ",
"59 ","XXX",,,"0 ","0 ","0 ","0 ","0 ","0 ","0 ","0 ","0 ","0 ","0 ","0 ","0 ","0 ","0 ","0 ","0 ",
"60 ","XXX",,,"0 ","0 ","0 ","0 ","0 ","0 ","0 ","0 ","0 ","0 ","0 ","0 ","0 ","0 ","0 ","0 ","0 ",
"61 ","XXX",,,"0 ","0 ","0 ","0 ","0 ","0 ","0 ","0 ","0 ","0 ","0 ","0 ","0 ","0 ","0 ","0 ","0 ",
"62 ","XXX",,,"0 ","0 ","0 ","0 ","0 ","0 ","0 ","0 ","0 ","0 ","0 ","0 ","0 ","0 ","0 ","0 ","0 ",
"63 ","QUANTUM",,,"0 ","0 ","0 ","0 ","0 ","0 ","0 ","0 ","0 ","0 ","0 ","0 ","0 ","0 ","0 ","0 ","0 ",
"64 ","HUMANOID",,,"0 ","0 ","0 ","0 ","0 ","0 ","0 ","0 ","0 ","0 ","0 ","0 ","0 ","0 ","0 ","0 ","0 ",
"65 ","XXX",,,"0 ","0 ","0 ","0 ","0 ","0 ","0 ","0 ","0 ","0 ","0 ","0 ","0 ","0 ","0 ","0 ","0 ",
"66 ","GOLEM",,,"0 ","0 ","0 ","0 ","0 ","0 ","0 ","0 ","0 ","0 ","0 ","0 ","0 ","0 ","0 ","0 ","0 ",
"67 ","ANDROID",,,"0 ","0 ","0 ","0 ","0 ","0 ","0 ","0 ","0 ","0 ","0 ","0 ","0 ","0 ","0 ","0 ","0 ",
"68 ","ZOMBIE",,,"0 ","0 ","0 ","0 ","0 ","0 ","0 ","0 ","0 ","0 ","0 ","0 ","0 ","0 ","0 ","0 ","0 ",
"69 ","SKELETON",,,"0 ","0 ","0 ","0 ","0 ","0 ","0 ","0 ","0 ","0 ","0 ","0 ","0 ","0 ","0 ","0 ","0 ",
"70 ","VAMPIRE",,,"0 ","0 ","0 ","0 ","0 ","0 ","0 ","0 ","0 ","0 ","0 ","0 ","0 ","0 ","0 ","0 ","0 ",
"71 ","LICH",,,"0 ","0 ","0 ","0 ","0 ","0 ","0 ","0 ","0 ","0 ","0 ","0 ","0 ","0 ","0 ","0 ","0 ",
"72 ","PUELLA_MAGI",,,"0 ","0 ","0 ","0 ","0 ","0 ","0 ","0 ","0 ","0 ","0 ","0 ","0 ","0 ","0 ","0 ","0 ",
"73 ","XXX",,,"0 ","0 ","0 ","0 ","0 ","0 ","0 ","0 ","0 ","0 ","0 ","0 ","0 ","0 ","0 ","0 ","0 ",
"74 ","AURA_COLD",,,"0 ","0 ","0 ","0 ","0 ","0 ","0 ","0 ","0 ","0 ","0 ","0 ","0 ","0 ","0 ","0 ","0 ",
"75 ","NONLIVING",,,"0 ","0 ","0 ","0 ","0 ","0 ","0 ","0 ","0 ","0 ","0 ","0 ","0 ","0 ","0 ","0 ","0 ",
"76 ","HURT_LITE",,,"0 ","0 ","0 ","0 ","0 ","0 ","0 ","0 ","0 ","0 ","0 ","0 ","0 ","0 ","0 ","0 ","0 ",
"77 ","HURT_ROCK",,,"0 ","0 ","0 ","0 ","0 ","0 ","0 ","0 ","0 ","0 ","0 ","0 ","0 ","0 ","0 ","0 ","0 ",
"78 ","HURT_FIRE",,,"0 ","0 ","0 ","0 ","0 ","0 ","0 ","0 ","0 ","0 ","0 ","0 ","0 ","0 ","0 ","0 ","0 ",
"79 ","HURT_COLD",,,"0 ","0 ","0 ","0 ","0 ","0 ","0 ","0 ","0 ","0 ","0 ","0 ","0 ","0 ","0 ","0 ","0 ",
"80 ","AMAN",,,"0 ","0 ","0 ","0 ","0 ","0 ","0 ","0 ","0 ","0 ","0 ","0 ","0 ","0 ","0 ","0 ","0 ",
"81 ","VANYAR",,,"0 ","0 ","0 ","0 ","0 ","0 ","0 ","0 ","0 ","0 ","0 ","0 ","0 ","0 ","0 ","0 ","0 ",
"82 ","NOLDOR",,,"0 ","0 ","0 ","0 ","0 ","0 ","0 ","0 ","0 ","0 ","0 ","0 ","0 ","0 ","0 ","0 ","0 ",
"83 ","TERERI",,,"0 ","0 ","0 ","0 ","0 ","0 ","0 ","0 ","0 ","0 ","0 ","0 ","0 ","0 ","0 ","0 ","0 ",
"84 ","ERU",,,"0 ","0 ","0 ","0 ","0 ","0 ","0 ","0 ","0 ","0 ","0 ","0 ","0 ","0 ","0 ","0 ","0 ",
"85 ","HURT_ELEC",,,"0 ","0 ","0 ","0 ","0 ","0 ","0 ","0 ","0 ","0 ","0 ","0 ","0 ","0 ","0 ","0 ","0 ",
"86 ","XXX",,,"0 ","0 ","0 ","0 ","0 ","0 ","0 ","0 ","0 ","0 ","0 ","0 ","0 ","0 ","0 ","0 ","0 ",
"87 ","XXX",,,"0 ","0 ","0 ","0 ","0 ","0 ","0 ","0 ","0 ","0 ","0 ","0 ","0 ","0 ","0 ","0 ","0 ",
"88 ","XXX",,,"0 ","0 ","0 ","0 ","0 ","0 ","0 ","0 ","0 ","0 ","0 ","0 ","0 ","0 ","0 ","0 ","0 ",
"89 ","NO_WOUND",,,"0 ","0 ","0 ","0 ","0 ","0 ","0 ","0 ","0 ","0 ","0 ","0 ","0 ","0 ","0 ","0 ","0 ",
"90 ","HOLD_LIFE",,,"0 ","0 ","0 ","0 ","0 ","0 ","0 ","0 ","0 ","0 ","0 ","0 ","0 ","0 ","0 ","0 ","0 ",
"91 ","NO_BLIND",,,"0 ","0 ","0 ","0 ","0 ","0 ","0 ","0 ","0 ","0 ","0 ","0 ","0 ","0 ","0 ","0 ","0 ",
"92 ","NO_FEAR",,,"0 ","0 ","0 ","0 ","0 ","0 ","0 ","0 ","0 ","0 ","0 ","0 ","0 ","0 ","0 ","0 ","0 ",
"93 ","NO_STUN",,,"0 ","0 ","0 ","0 ","0 ","0 ","0 ","0 ","0 ","0 ","0 ","0 ","0 ","0 ","0 ","0 ","0 ",
"94 ","NO_CONF",,,"0 ","0 ","0 ","0 ","0 ","0 ","0 ","0 ","0 ","0 ","0 ","0 ","0 ","0 ","0 ","0 ","0 ",
"95 ","NO_SLEEP",,,"0 ","0 ","0 ","0 ","0 ","0 ","0 ","0 ","0 ","0 ","0 ","0 ","0 ","0 ","0 ","0 ","0 ",
"96 ","SHRIEK",,,"0 ","0 ","0 ","0 ","0 ","0 ","0 ","0 ","0 ","0 ","0 ","0 ","0 ","0 ","0 ","0 ","0 ",
"97 ","XXX1",,,"0 ","0 ","0 ","0 ","0 ","0 ","0 ","0 ","0 ","0 ","0 ","0 ","0 ","0 ","0 ","0 ","0 ",
"98 ","DISPEL",,,"0 ","0 ","0 ","0 ","0 ","0 ","0 ","0 ","0 ","0 ","0 ","0 ","0 ","0 ","0 ","0 ","0 ",
"99 ","ROCKET",,,"0 ","0 ","0 ","0 ","0 ","0 ","0 ","0 ","0 ","0 ","0 ","0 ","0 ","0 ","0 ","0 ","0 ",
"100 ","SHOOT",,,"0 ","0 ","0 ","0 ","0 ","0 ","0 ","0 ","0 ","0 ","0 ","0 ","0 ","0 ","0 ","0 ","0 ",
"101 ","XXX2",,,"0 ","0 ","0 ","0 ","0 ","0 ","0 ","0 ","0 ","0 ","0 ","0 ","0 ","0 ","0 ","0 ","0 ",
"102 ","XXX3",,,"0 ","0 ","0 ","0 ","0 ","0 ","0 ","0 ","0 ","0 ","0 ","0 ","0 ","0 ","0 ","0 ","0 ",
"103 ","XXX4",,,"0 ","0 ","0 ","0 ","0 ","0 ","0 ","0 ","0 ","0 ","0 ","0 ","0 ","0 ","0 ","0 ","0 ",
"104 ","BR_ACID",,,"0 ","0 ","0 ","0 ","0 ","0 ","0 ","0 ","0 ","0 ","0 ","0 ","0 ","0 ","0 ","0 ","0 ",
"105 ","BR_ELEC",,,"0 ","0 ","0 ","0 ","0 ","0 ","0 ","0 ","0 ","0 ","0 ","0 ","0 ","0 ","0 ","0 ","0 ",
"106 ","BR_FIRE",,,"0 ","0 ","0 ","0 ","0 ","0 ","0 ","0 ","0 ","0 ","0 ","0 ","0 ","0 ","0 ","0 ","0 ",
"107 ","BR_COLD",,,"0 ","0 ","0 ","0 ","0 ","0 ","0 ","0 ","0 ","0 ","0 ","0 ","0 ","0 ","0 ","0 ","0 ",
"108 ","BR_POIS",,,"0 ","0 ","0 ","0 ","0 ","0 ","0 ","0 ","0 ","0 ","0 ","0 ","0 ","0 ","0 ","0 ","0 ",
"109 ","BR_NETH",,,"0 ","0 ","0 ","0 ","0 ","0 ","0 ","0 ","0 ","0 ","0 ","0 ","0 ","0 ","0 ","0 ","0 ",
"110 ","BR_LITE",,,"0 ","0 ","0 ","0 ","0 ","0 ","0 ","0 ","0 ","0 ","0 ","0 ","0 ","0 ","0 ","0 ","0 ",
"111 ","BR_DARK",,,"0 ","0 ","0 ","0 ","0 ","0 ","0 ","0 ","0 ","0 ","0 ","0 ","0 ","0 ","0 ","0 ","0 ",
"112 ","BR_CONF",,,"0 ","0 ","0 ","0 ","0 ","0 ","0 ","0 ","0 ","0 ","0 ","0 ","0 ","0 ","0 ","0 ","0 ",
"113 ","BR_SOUN",,,"0 ","0 ","0 ","0 ","0 ","0 ","0 ","0 ","0 ","0 ","0 ","0 ","0 ","0 ","0 ","0 ","0 ",
"114 ","BR_CHAO",,,"0 ","0 ","0 ","0 ","0 ","0 ","0 ","0 ","0 ","0 ","0 ","0 ","0 ","0 ","0 ","0 ","0 ",
"115 ","BR_DISE",,,"0 ","0 ","0 ","0 ","0 ","0 ","0 ","0 ","0 ","0 ","0 ","0 ","0 ","0 ","0 ","0 ","0 ",
"116 ","BR_NEXU",,,"0 ","0 ","0 ","0 ","0 ","0 ","0 ","0 ","0 ","0 ","0 ","0 ","0 ","0 ","0 ","0 ","0 ",
"117 ","BR_TIME",,,"0 ","0 ","0 ","0 ","0 ","0 ","0 ","0 ","0 ","0 ","0 ","0 ","0 ","0 ","0 ","0 ","0 ",
"118 ","BR_INER",,,"0 ","0 ","0 ","0 ","0 ","0 ","0 ","0 ","0 ","0 ","0 ","0 ","0 ","0 ","0 ","0 ","0 ",
"119 ","BR_GRAV",,,"0 ","0 ","0 ","0 ","0 ","0 ","0 ","0 ","0 ","0 ","0 ","0 ","0 ","0 ","0 ","0 ","0 ",
"120 ","BR_SHAR",,,"0 ","0 ","0 ","0 ","0 ","0 ","0 ","0 ","0 ","0 ","0 ","0 ","0 ","0 ","0 ","0 ","0 ",
"121 ","BR_PLAS",,,"0 ","0 ","0 ","0 ","0 ","0 ","0 ","0 ","0 ","0 ","0 ","0 ","0 ","0 ","0 ","0 ","0 ",
"122 ","BR_WALL",,,"0 ","0 ","0 ","0 ","0 ","0 ","0 ","0 ","0 ","0 ","0 ","0 ","0 ","0 ","0 ","0 ","0 ",
"123 ","BR_MANA",,,"0 ","0 ","0 ","0 ","0 ","0 ","0 ","0 ","0 ","0 ","0 ","0 ","0 ","0 ","0 ","0 ","0 ",
"124 ","BA_NUKE",,,"0 ","0 ","0 ","0 ","0 ","0 ","0 ","0 ","0 ","0 ","0 ","0 ","0 ","0 ","0 ","0 ","0 ",
"125 ","BR_NUKE",,,"0 ","0 ","0 ","0 ","0 ","0 ","0 ","0 ","0 ","0 ","0 ","0 ","0 ","0 ","0 ","0 ","0 ",
"126 ","BA_CHAO",,,"0 ","0 ","0 ","0 ","0 ","0 ","0 ","0 ","0 ","0 ","0 ","0 ","0 ","0 ","0 ","0 ","0 ",
"127 ","BR_DISI",,,"0 ","0 ","0 ","0 ","0 ","0 ","0 ","0 ","0 ","0 ","0 ","0 ","0 ","0 ","0 ","0 ","0 ",
"128 ","BA_ACID",,,"0 ","0 ","0 ","0 ","0 ","0 ","0 ","0 ","0 ","0 ","0 ","0 ","0 ","0 ","0 ","0 ","0 ",
"129 ","BA_ELEC",,,"0 ","0 ","0 ","0 ","0 ","0 ","0 ","0 ","0 ","0 ","0 ","0 ","0 ","0 ","0 ","0 ","0 ",
"130 ","BA_FIRE",,,"0 ","0 ","0 ","0 ","0 ","0 ","0 ","0 ","0 ","0 ","0 ","0 ","0 ","0 ","0 ","0 ","0 ",
"131 ","BA_COLD",,,"0 ","0 ","0 ","0 ","0 ","0 ","0 ","0 ","0 ","0 ","0 ","0 ","0 ","0 ","0 ","0 ","0 ",
"132 ","BA_POIS",,,"0 ","0 ","0 ","0 ","0 ","0 ","0 ","0 ","0 ","0 ","0 ","0 ","0 ","0 ","0 ","0 ","0 ",
"133 ","BA_NETH",,,"0 ","0 ","0 ","0 ","0 ","0 ","0 ","0 ","0 ","0 ","0 ","0 ","0 ","0 ","0 ","0 ","0 ",
"134 ","BA_WATE",,,"0 ","0 ","0 ","0 ","0 ","0 ","0 ","0 ","0 ","0 ","0 ","0 ","0 ","0 ","0 ","0 ","0 ",
"135 ","BA_MANA",,,"0 ","0 ","0 ","0 ","0 ","0 ","0 ","0 ","0 ","0 ","0 ","0 ","0 ","0 ","0 ","0 ","0 ",
"136 ","BA_DARK",,,"0 ","0 ","0 ","0 ","0 ","0 ","0 ","0 ","0 ","0 ","0 ","0 ","0 ","0 ","0 ","0 ","0 ",
"137 ","DRAIN_MANA",,,"0 ","0 ","0 ","0 ","0 ","0 ","0 ","0 ","0 ","0 ","0 ","0 ","0 ","0 ","0 ","0 ","0 ",
"138 ","MIND_BLAST",,,"0 ","0 ","0 ","0 ","0 ","0 ","0 ","0 ","0 ","0 ","0 ","0 ","0 ","0 ","0 ","0 ","0 ",
"139 ","BRAIN_SMASH",,,"0 ","0 ","0 ","0 ","0 ","0 ","0 ","0 ","0 ","0 ","0 ","0 ","0 ","0 ","0 ","0 ","0 ",
"140 ","CAUSE_1",,,"0 ","0 ","0 ","0 ","0 ","0 ","0 ","0 ","0 ","0 ","0 ","0 ","0 ","0 ","0 ","0 ","0 ",
"141 ","CAUSE_2",,,"0 ","0 ","0 ","0 ","0 ","0 ","0 ","0 ","0 ","0 ","0 ","0 ","0 ","0 ","0 ","0 ","0 ",
"142 ","CAUSE_3",,,"0 ","0 ","0 ","0 ","0 ","0 ","0 ","0 ","0 ","0 ","0 ","0 ","0 ","0 ","0 ","0 ","0 ",
"143 ","CAUSE_4",,,"0 ","0 ","0 ","0 ","0 ","0 ","0 ","0 ","0 ","0 ","0 ","0 ","0 ","0 ","0 ","0 ","0 ",
"144 ","BO_ACID",,,"0 ","0 ","0 ","0 ","0 ","0 ","0 ","0 ","0 ","0 ","0 ","0 ","0 ","0 ","0 ","0 ","0 ",
"145 ","BO_ELEC",,,"0 ","0 ","0 ","0 ","0 ","0 ","0 ","0 ","0 ","0 ","0 ","0 ","0 ","0 ","0 ","0 ","0 ",
"146 ","BO_FIRE",,,"0 ","0 ","0 ","0 ","0 ","0 ","0 ","0 ","0 ","0 ","0 ","0 ","0 ","0 ","0 ","0 ","0 ",
"147 ","BO_COLD",,,"0 ","0 ","0 ","0 ","0 ","0 ","0 ","0 ","0 ","0 ","0 ","0 ","0 ","0 ","0 ","0 ","0 ",
"148 ","BA_LITE",,,"0 ","0 ","0 ","0 ","0 ","0 ","0 ","0 ","0 ","0 ","0 ","0 ","0 ","0 ","0 ","0 ","0 ",
"149 ","BO_NETH",,,"0 ","0 ","0 ","0 ","0 ","0 ","0 ","0 ","0 ","0 ","0 ","0 ","0 ","0 ","0 ","0 ","0 ",
"150 ","BO_WATE",,,"0 ","0 ","0 ","0 ","0 ","0 ","0 ","0 ","0 ","0 ","0 ","0 ","0 ","0 ","0 ","0 ","0 ",
"151 ","BO_MANA",,,"0 ","0 ","0 ","0 ","0 ","0 ","0 ","0 ","0 ","0 ","0 ","0 ","0 ","0 ","0 ","0 ","0 ",
"152 ","BO_PLAS",,,"0 ","0 ","0 ","0 ","0 ","0 ","0 ","0 ","0 ","0 ","0 ","0 ","0 ","0 ","0 ","0 ","0 ",
"153 ","BO_ICEE",,,"0 ","0 ","0 ","0 ","0 ","0 ","0 ","0 ","0 ","0 ","0 ","0 ","0 ","0 ","0 ","0 ","0 ",
"154 ","MISSILE",,,"0 ","0 ","0 ","0 ","0 ","0 ","0 ","0 ","0 ","0 ","0 ","0 ","0 ","0 ","0 ","0 ","0 ",
"155 ","SCARE",,,"0 ","0 ","0 ","0 ","0 ","0 ","0 ","0 ","0 ","0 ","0 ","0 ","0 ","0 ","0 ","0 ","0 ",
"156 ","BLIND",,,"0 ","0 ","0 ","0 ","0 ","0 ","0 ","0 ","0 ","0 ","0 ","0 ","0 ","0 ","0 ","0 ","0 ",
"157 ","CONF",,,"0 ","0 ","0 ","0 ","0 ","0 ","0 ","0 ","0 ","0 ","0 ","0 ","0 ","0 ","0 ","0 ","0 ",
"158 ","SLOW",,,"0 ","0 ","0 ","0 ","0 ","0 ","0 ","0 ","0 ","0 ","0 ","0 ","0 ","0 ","0 ","0 ","0 ",
"159 ","HOLD",,,"0 ","0 ","0 ","0 ","0 ","0 ","0 ","0 ","0 ","0 ","0 ","0 ","0 ","0 ","0 ","0 ","0 ",
"160 ","HASTE",,,"0 ","0 ","0 ","0 ","0 ","0 ","0 ","0 ","0 ","0 ","0 ","0 ","0 ","0 ","0 ","0 ","0 ",
"161 ","HAND_DOOM",,,"0 ","0 ","0 ","0 ","0 ","0 ","0 ","0 ","0 ","0 ","0 ","0 ","0 ","0 ","0 ","0 ","0 ",
"162 ","HEAL",,,"0 ","0 ","0 ","0 ","0 ","0 ","0 ","0 ","0 ","0 ","0 ","0 ","0 ","0 ","0 ","0 ","0 ",
"163 ","INVULNER",,,"0 ","0 ","0 ","0 ","0 ","0 ","0 ","0 ","0 ","0 ","0 ","0 ","0 ","0 ","0 ","0 ","0 ",
"164 ","BLINK",,,"0 ","0 ","0 ","0 ","0 ","0 ","0 ","0 ","0 ","0 ","0 ","0 ","0 ","0 ","0 ","0 ","0 ",
"165 ","TPORT",,,"0 ","0 ","0 ","0 ","0 ","0 ","0 ","0 ","0 ","0 ","0 ","0 ","0 ","0 ","0 ","0 ","0 ",
"166 ","WORLD",,,"0 ","0 ","0 ","0 ","0 ","0 ","0 ","0 ","0 ","0 ","0 ","0 ","0 ","0 ","0 ","0 ","0 ",
"167 ","SPECIAL",,,"0 ","0 ","0 ","0 ","0 ","0 ","0 ","0 ","0 ","0 ","0 ","0 ","0 ","0 ","0 ","0 ","0 ",
"168 ","TELE_TO",,,"0 ","0 ","0 ","0 ","0 ","0 ","0 ","0 ","0 ","0 ","0 ","0 ","0 ","0 ","0 ","0 ","0 ",
"169 ","TELE_AWAY",,,"0 ","0 ","0 ","0 ","0 ","0 ","0 ","0 ","0 ","0 ","0 ","0 ","0 ","0 ","0 ","0 ","0 ",
"170 ","TELE_LEVEL",,,"0 ","0 ","0 ","0 ","0 ","0 ","0 ","0 ","0 ","0 ","0 ","0 ","0 ","0 ","0 ","0 ","0 ",
"171 ","PSY_SPEAR",,,"0 ","0 ","0 ","0 ","0 ","0 ","0 ","0 ","0 ","0 ","0 ","0 ","0 ","0 ","0 ","0 ","0 ",
"172 ","DARKNESS",,,"0 ","0 ","0 ","0 ","0 ","0 ","0 ","0 ","0 ","0 ","0 ","0 ","0 ","0 ","0 ","0 ","0 ",
"173 ","TRAPS",,,"0 ","0 ","0 ","0 ","0 ","0 ","0 ","0 ","0 ","0 ","0 ","0 ","0 ","0 ","0 ","0 ","0 ",
"174 ","FORGET",,,"0 ","0 ","0 ","0 ","0 ","0 ","0 ","0 ","0 ","0 ","0 ","0 ","0 ","0 ","0 ","0 ","0 ",
"175 ","ANIM_DEAD",,,"0 ","0 ","0 ","0 ","0 ","0 ","0 ","0 ","0 ","0 ","0 ","0 ","0 ","0 ","0 ","0 ","0 ",
"176 ","S_KIN",,,"0 ","0 ","0 ","0 ","0 ","0 ","0 ","0 ","0 ","0 ","0 ","0 ","0 ","0 ","0 ","0 ","0 ",
"177 ","S_CYBER",,,"0 ","0 ","0 ","0 ","0 ","0 ","0 ","0 ","0 ","0 ","0 ","0 ","0 ","0 ","0 ","0 ","0 ",
"178 ","S_MONSTER",,,"0 ","0 ","0 ","0 ","0 ","0 ","0 ","0 ","0 ","0 ","0 ","0 ","0 ","0 ","0 ","0 ","0 ",
"179 ","S_MONSTERS",,,"0 ","0 ","0 ","0 ","0 ","0 ","0 ","0 ","0 ","0 ","0 ","0 ","0 ","0 ","0 ","0 ","0 ",
"180 ","S_ANT",,,"0 ","0 ","0 ","0 ","0 ","0 ","0 ","0 ","0 ","0 ","0 ","0 ","0 ","0 ","0 ","0 ","0 ",
"181 ","S_SPIDER",,,"0 ","0 ","0 ","0 ","0 ","0 ","0 ","0 ","0 ","0 ","0 ","0 ","0 ","0 ","0 ","0 ","0 ",
"182 ","S_HOUND",,,"0 ","0 ","0 ","0 ","0 ","0 ","0 ","0 ","0 ","0 ","0 ","0 ","0 ","0 ","0 ","0 ","0 ",
"183 ","S_HYDRA",,,"0 ","0 ","0 ","0 ","0 ","0 ","0 ","0 ","0 ","0 ","0 ","0 ","0 ","0 ","0 ","0 ","0 ",
"184 ","S_ANGEL",,,"0 ","0 ","0 ","0 ","0 ","0 ","0 ","0 ","0 ","0 ","0 ","0 ","0 ","0 ","0 ","0 ","0 ",
"185 ","S_DEMON",,,"0 ","0 ","0 ","0 ","0 ","0 ","0 ","0 ","0 ","0 ","0 ","0 ","0 ","0 ","0 ","0 ","0 ",
"186 ","S_UNDEAD",,,"0 ","0 ","0 ","0 ","0 ","0 ","0 ","0 ","0 ","0 ","0 ","0 ","0 ","0 ","0 ","0 ","0 ",
"187 ","S_DRAGON",,,"0 ","0 ","0 ","0 ","0 ","0 ","0 ","0 ","0 ","0 ","0 ","0 ","0 ","0 ","0 ","0 ","0 ",
"188 ","S_HI_UNDEAD",,,"0 ","0 ","0 ","0 ","0 ","0 ","0 ","0 ","0 ","0 ","0 ","0 ","0 ","0 ","0 ","0 ","0 ",
"189 ","S_HI_DRAGON",,,"0 ","0 ","0 ","0 ","0 ","0 ","0 ","0 ","0 ","0 ","0 ","0 ","0 ","0 ","0 ","0 ","0 ",
"190 ","S_AMBERITES",,,"0 ","0 ","0 ","0 ","0 ","0 ","0 ","0 ","0 ","0 ","0 ","0 ","0 ","0 ","0 ","0 ","0 ",
"191 ","S_UNIQUE",,,"0 ","0 ","0 ","0 ","0 ","0 ","0 ","0 ","0 ","0 ","0 ","0 ","0 ","0 ","0 ","0 ","0 ",
"192 ","AQUATIC",,,"0 ","0 ","0 ","0 ","0 ","0 ","0 ","0 ","0 ","0 ","0 ","0 ","0 ","0 ","0 ","0 ","0 ",
"193 ","CAN_SWIM",,,"0 ","0 ","0 ","0 ","0 ","0 ","0 ","0 ","0 ","0 ","0 ","0 ","0 ","0 ","0 ","0 ","0 ",
"194 ","CAN_FLY",,,"0 ","0 ","0 ","0 ","0 ","0 ","0 ","0 ","0 ","0 ","0 ","0 ","0 ","0 ","0 ","0 ","0 ",
"195 ","FRIENDLY",,,"0 ","0 ","0 ","0 ","0 ","0 ","0 ","0 ","0 ","0 ","0 ","0 ","0 ","0 ","0 ","0 ","0 ",
"196 ","XXX",,,"0 ","0 ","0 ","0 ","0 ","0 ","0 ","0 ","0 ","0 ","0 ","0 ","0 ","0 ","0 ","0 ","0 ",
"197 ","UNIQUE2",,,"0 ","0 ","0 ","0 ","0 ","0 ","0 ","0 ","0 ","0 ","0 ","0 ","0 ","0 ","0 ","0 ","0 ",
"198 ","RIDING",,,"0 ","0 ","0 ","0 ","0 ","0 ","0 ","0 ","0 ","0 ","0 ","0 ","0 ","0 ","0 ","0 ","0 ",
"199 ","KAGE",,,"0 ","0 ","0 ","0 ","0 ","0 ","0 ","0 ","0 ","0 ","0 ","0 ","0 ","0 ","0 ","0 ","0 ",
"200 ","HAS_LITE_1",,,"0 ","0 ","0 ","0 ","0 ","0 ","0 ","0 ","0 ","0 ","0 ","0 ","0 ","0 ","0 ","0 ","0 ",
"201 ","SELF_LITE_1",,,"0 ","0 ","0 ","0 ","0 ","0 ","0 ","0 ","0 ","0 ","0 ","0 ","0 ","0 ","0 ","0 ","0 ",
"202 ","HAS_LITE_2",,,"0 ","0 ","0 ","0 ","0 ","0 ","0 ","0 ","0 ","0 ","0 ","0 ","0 ","0 ","0 ","0 ","0 ",
"203 ","SELF_LITE_2",,,"0 ","0 ","0 ","0 ","0 ","0 ","0 ","0 ","0 ","0 ","0 ","0 ","0 ","0 ","0 ","0 ","0 ",
"204 ","GUARDIAN",,,"0 ","0 ","0 ","0 ","0 ","0 ","0 ","0 ","0 ","0 ","0 ","0 ","0 ","0 ","0 ","0 ","0 ",
"205 ","CHAMELEON",,,"0 ","0 ","0 ","0 ","0 ","0 ","0 ","0 ","0 ","0 ","0 ","0 ","0 ","0 ","0 ","0 ","0 ",
"206 ","KILL_EXP",,,"0 ","0 ","0 ","0 ","0 ","0 ","0 ","0 ","0 ","0 ","0 ","0 ","0 ","0 ","0 ","0 ","0 ",
"207 ","TANUKI",,,"0 ","0 ","0 ","0 ","0 ","0 ","0 ","0 ","0 ","0 ","0 ","0 ","0 ","0 ","0 ","0 ","0 ",
"208 ","HAS_DARK_1",,,"0 ","0 ","0 ","0 ","0 ","0 ","0 ","0 ","0 ","0 ","0 ","0 ","0 ","0 ","0 ","0 ","0 ",
"209 ","SELF_DARK_1",,,"0 ","0 ","0 ","0 ","0 ","0 ","0 ","0 ","0 ","0 ","0 ","0 ","0 ","0 ","0 ","0 ","0 ",
"210 ","HAS_DARK_2",,,"0 ","0 ","0 ","0 ","0 ","0 ","0 ","0 ","0 ","0 ","0 ","0 ","0 ","0 ","0 ","0 ","0 ",
"211 ","SELF_DARK_2",,,"0 ","0 ","0 ","0 ","0 ","0 ","0 ","0 ","0 ","0 ","0 ","0 ","0 ","0 ","0 ","0 ","0 ",
"212 ","XXX7X20",,,"0 ","0 ","0 ","0 ","0 ","0 ","0 ","0 ","0 ","0 ","0 ","0 ","0 ","0 ","0 ","0 ","0 ",
"213 ","XXX7X21",,,"0 ","0 ","0 ","0 ","0 ","0 ","0 ","0 ","0 ","0 ","0 ","0 ","0 ","0 ","0 ","0 ","0 ",
"214 ","XXX7X22",,,"0 ","0 ","0 ","0 ","0 ","0 ","0 ","0 ","0 ","0 ","0 ","0 ","0 ","0 ","0 ","0 ","0 ",
"215 ","XXX7X23",,,"0 ","0 ","0 ","0 ","0 ","0 ","0 ","0 ","0 ","0 ","0 ","0 ","0 ","0 ","0 ","0 ","0 ",
"216 ","XXX7X24",,,"0 ","0 ","0 ","0 ","0 ","0 ","0 ","0 ","0 ","0 ","0 ","0 ","0 ","0 ","0 ","0 ","0 ",
"217 ","XXX7X25",,,"0 ","0 ","0 ","0 ","0 ","0 ","0 ","0 ","0 ","0 ","0 ","0 ","0 ","0 ","0 ","0 ","0 ",
"218 ","XXX7X26",,,"0 ","0 ","0 ","0 ","0 ","0 ","0 ","0 ","0 ","0 ","0 ","0 ","0 ","0 ","0 ","0 ","0 ",
"219 ","XXX7X27",,,"0 ","0 ","0 ","0 ","0 ","0 ","0 ","0 ","0 ","0 ","0 ","0 ","0 ","0 ","0 ","0 ","0 ",
"220 ","XXX7X28",,,"0 ","0 ","0 ","0 ","0 ","0 ","0 ","0 ","0 ","0 ","0 ","0 ","0 ","0 ","0 ","0 ","0 ",
"221 ","XXX7X29",,,"0 ","0 ","0 ","0 ","0 ","0 ","0 ","0 ","0 ","0 ","0 ","0 ","0 ","0 ","0 ","0 ","0 ",
"222 ","XXX7X30",,,"0 ","0 ","0 ","0 ","0 ","0 ","0 ","0 ","0 ","0 ","0 ","0 ","0 ","0 ","0 ","0 ","0 ",
"223 ","XXX7X31",,,"0 ","0 ","0 ","0 ","0 ","0 ","0 ","0 ","0 ","0 ","0 ","0 ","0 ","0 ","0 ","0 ","0 ",
"224 ","WILD_ONLY",,,"0 ","0 ","0 ","0 ","0 ","0 ","0 ","0 ","0 ","0 ","0 ","0 ","0 ","0 ","0 ","0 ","0 ",
"225 ","WILD_TOWN",,,"0 ","0 ","0 ","0 ","0 ","0 ","0 ","0 ","0 ","0 ","0 ","0 ","0 ","0 ","0 ","0 ","0 ",
"226 ","CITIZEN",,,"0 ","0 ","0 ","0 ","0 ","0 ","0 ","0 ","0 ","0 ","0 ","0 ","0 ","0 ","0 ","0 ","0 ",
"227 ","WILD_SHORE",,,"0 ","0 ","0 ","0 ","0 ","0 ","0 ","0 ","0 ","0 ","0 ","0 ","0 ","0 ","0 ","0 ","0 ",
"228 ","WILD_OCEAN",,,"0 ","0 ","0 ","0 ","0 ","0 ","0 ","0 ","0 ","0 ","0 ","0 ","0 ","0 ","0 ","0 ","0 ",
"229 ","WILD_WASTE",,,"0 ","0 ","0 ","0 ","0 ","0 ","0 ","0 ","0 ","0 ","0 ","0 ","0 ","0 ","0 ","0 ","0 ",
"230 ","WILD_WOOD",,,"0 ","0 ","0 ","0 ","0 ","0 ","0 ","0 ","0 ","0 ","0 ","0 ","0 ","0 ","0 ","0 ","0 ",
"231 ","WILD_VOLCANO",,,"0 ","0 ","0 ","0 ","0 ","0 ","0 ","0 ","0 ","0 ","0 ","0 ","0 ","0 ","0 ","0 ","0 ",
"232 ","XXX8X08",,,"0 ","0 ","0 ","0 ","0 ","0 ","0 ","0 ","0 ","0 ","0 ","0 ","0 ","0 ","0 ","0 ","0 ",
"233 ","WILD_MOUNTAIN",,,"0 ","0 ","0 ","0 ","0 ","0 ","0 ","0 ","0 ","0 ","0 ","0 ","0 ","0 ","0 ","0 ","0 ",
"234 ","WILD_GRASS",,,"0 ","0 ","0 ","0 ","0 ","0 ","0 ","0 ","0 ","0 ","0 ","0 ","0 ","0 ","0 ","0 ","0 ",
"235 ","XXX8X11",,,"0 ","0 ","0 ","0 ","0 ","0 ","0 ","0 ","0 ","0 ","0 ","0 ","0 ","0 ","0 ","0 ","0 ",
"236 ","XXX8X12",,,"0 ","0 ","0 ","0 ","0 ","0 ","0 ","0 ","0 ","0 ","0 ","0 ","0 ","0 ","0 ","0 ","0 ",
"237 ","XXX8X13",,,"0 ","0 ","0 ","0 ","0 ","0 ","0 ","0 ","0 ","0 ","0 ","0 ","0 ","0 ","0 ","0 ","0 ",
"238 ","XXX8X14",,,"0 ","0 ","0 ","0 ","0 ","0 ","0 ","0 ","0 ","0 ","0 ","0 ","0 ","0 ","0 ","0 ","0 ",
"239 ","XXX8X15",,,"0 ","0 ","0 ","0 ","0 ","0 ","0 ","0 ","0 ","0 ","0 ","0 ","0 ","0 ","0 ","0 ","0 ",
"240 ","XXX8X16",,,"0 ","0 ","0 ","0 ","0 ","0 ","0 ","0 ","0 ","0 ","0 ","0 ","0 ","0 ","0 ","0 ","0 ",
"241 ","XXX8X17",,,"0 ","0 ","0 ","0 ","0 ","0 ","0 ","0 ","0 ","0 ","0 ","0 ","0 ","0 ","0 ","0 ","0 ",
"242 ","XXX8X18",,,"0 ","0 ","0 ","0 ","0 ","0 ","0 ","0 ","0 ","0 ","0 ","0 ","0 ","0 ","0 ","0 ","0 ",
"243 ","XXX8X19",,,"0 ","0 ","0 ","0 ","0 ","0 ","0 ","0 ","0 ","0 ","0 ","0 ","0 ","0 ","0 ","0 ","0 ",
"244 ","XXX8X20",,,"0 ","0 ","0 ","0 ","0 ","0 ","0 ","0 ","0 ","0 ","0 ","0 ","0 ","0 ","0 ","0 ","0 ",
"245 ","XXX8X21",,,"0 ","0 ","0 ","0 ","0 ","0 ","0 ","0 ","0 ","0 ","0 ","0 ","0 ","0 ","0 ","0 ","0 ",
"246 ","XXX8X22",,,"0 ","0 ","0 ","0 ","0 ","0 ","0 ","0 ","0 ","0 ","0 ","0 ","0 ","0 ","0 ","0 ","0 ",
"247 ","XXX8X23",,,"0 ","0 ","0 ","0 ","0 ","0 ","0 ","0 ","0 ","0 ","0 ","0 ","0 ","0 ","0 ","0 ","0 ",
"248 ","XXX8X24",,,"0 ","0 ","0 ","0 ","0 ","0 ","0 ","0 ","0 ","0 ","0 ","0 ","0 ","0 ","0 ","0 ","0 ",
"249 ","XXX8X25",,,"0 ","0 ","0 ","0 ","0 ","0 ","0 ","0 ","0 ","0 ","0 ","0 ","0 ","0 ","0 ","0 ","0 ",
"250 ","XXX8X26",,,"0 ","0 ","0 ","0 ","0 ","0 ","0 ","0 ","0 ","0 ","0 ","0 ","0 ","0 ","0 ","0 ","0 ",
"251 ","XXX8X27",,,"0 ","0 ","0 ","0 ","0 ","0 ","0 ","0 ","0 ","0 ","0 ","0 ","0 ","0 ","0 ","0 ","0 ",
"252 ","XXX8X28",,,"0 ","0 ","0 ","0 ","0 ","0 ","0 ","0 ","0 ","0 ","0 ","0 ","0 ","0 ","0 ","0 ","0 ",
"253 ","XXX8X29",,,"0 ","0 ","0 ","0 ","0 ","0 ","0 ","0 ","0 ","0 ","0 ","0 ","0 ","0 ","0 ","0 ","0 ",
"254 ","WILD_SWAMP",,,"0 ","0 ","0 ","0 ","0 ","0 ","0 ","0 ","0 ","0 ","0 ","0 ","0 ","0 ","0 ","0 ","0 ",
"255 ","WILD_ALL",,,"0 ","0 ","0 ","0 ","0 ","0 ","0 ","0 ","0 ","0 ","0 ","0 ","0 ","0 ","0 ","0 ","0 ",
"256 ","DROP_CORPSE",,,"0 ","0 ","0 ","0 ","0 ","0 ","0 ","0 ","0 ","0 ","0 ","0 ","0 ","0 ","0 ","0 ","0 ",
"257 ","DROP_SKELETON",,,"0 ","0 ","0 ","0 ","0 ","0 ","0 ","0 ","0 ","0 ","0 ","0 ","0 ","0 ","0 ","0 ","0 ",
"258 ","EAT_BLIND",,,"0 ","0 ","0 ","0 ","0 ","0 ","0 ","0 ","0 ","0 ","0 ","0 ","0 ","0 ","0 ","0 ","0 ",
"259 ","EAT_CONF",,,"0 ","0 ","0 ","0 ","0 ","0 ","0 ","0 ","0 ","0 ","0 ","0 ","0 ","0 ","0 ","0 ","0 ",
"260 ","EAT_MANA",,,"0 ","0 ","0 ","0 ","0 ","0 ","0 ","0 ","0 ","0 ","0 ","0 ","0 ","0 ","0 ","0 ","0 ",
"261 ","EAT_NEXUS",,,"0 ","0 ","0 ","0 ","0 ","0 ","0 ","0 ","0 ","0 ","0 ","0 ","0 ","0 ","0 ","0 ","0 ",
"262 ","EAT_BLINK",,,"0 ","0 ","0 ","0 ","0 ","0 ","0 ","0 ","0 ","0 ","0 ","0 ","0 ","0 ","0 ","0 ","0 ",
"263 ","EAT_SLEEP",,,"0 ","0 ","0 ","0 ","0 ","0 ","0 ","0 ","0 ","0 ","0 ","0 ","0 ","0 ","0 ","0 ","0 ",
"264 ","EAT_BERSERKER",,,"0 ","0 ","0 ","0 ","0 ","0 ","0 ","0 ","0 ","0 ","0 ","0 ","0 ","0 ","0 ","0 ","0 ",
"265 ","EAT_ACIDIC",,,"0 ","0 ","0 ","0 ","0 ","0 ","0 ","0 ","0 ","0 ","0 ","0 ","0 ","0 ","0 ","0 ","0 ",
"266 ","EAT_SPEED",,,"0 ","0 ","0 ","0 ","0 ","0 ","0 ","0 ","0 ","0 ","0 ","0 ","0 ","0 ","0 ","0 ","0 ",
"267 ","EAT_CURE",,,"0 ","0 ","0 ","0 ","0 ","0 ","0 ","0 ","0 ","0 ","0 ","0 ","0 ","0 ","0 ","0 ","0 ",
"268 ","EAT_FIRE_RES",,,"0 ","0 ","0 ","0 ","0 ","0 ","0 ","0 ","0 ","0 ","0 ","0 ","0 ","0 ","0 ","0 ","0 ",
"269 ","EAT_COLD_RES",,,"0 ","0 ","0 ","0 ","0 ","0 ","0 ","0 ","0 ","0 ","0 ","0 ","0 ","0 ","0 ","0 ","0 ",
"270 ","EAT_ACID_RES",,,"0 ","0 ","0 ","0 ","0 ","0 ","0 ","0 ","0 ","0 ","0 ","0 ","0 ","0 ","0 ","0 ","0 ",
"271 ","EAT_ELEC_RES",,,"0 ","0 ","0 ","0 ","0 ","0 ","0 ","0 ","0 ","0 ","0 ","0 ","0 ","0 ","0 ","0 ","0 ",
"272 ","EAT_POIS_RES",,,"0 ","0 ","0 ","0 ","0 ","0 ","0 ","0 ","0 ","0 ","0 ","0 ","0 ","0 ","0 ","0 ","0 ",
"273 ","EAT_INSANITY",,,"0 ","0 ","0 ","0 ","0 ","0 ","0 ","0 ","0 ","0 ","0 ","0 ","0 ","0 ","0 ","0 ","0 ",
"274 ","EAT_DRAIN_EXP",,,"0 ","0 ","0 ","0 ","0 ","0 ","0 ","0 ","0 ","0 ","0 ","0 ","0 ","0 ","0 ","0 ","0 ",
"275 ","EAT_POISONOUS",,,"0 ","0 ","0 ","0 ","0 ","0 ","0 ","0 ","0 ","0 ","0 ","0 ","0 ","0 ","0 ","0 ","0 ",
"276 ","EAT_GIVE_STR",,,"0 ","0 ","0 ","0 ","0 ","0 ","0 ","0 ","0 ","0 ","0 ","0 ","0 ","0 ","0 ","0 ","0 ",
"277 ","EAT_GIVE_INT",,,"0 ","0 ","0 ","0 ","0 ","0 ","0 ","0 ","0 ","0 ","0 ","0 ","0 ","0 ","0 ","0 ","0 ",
"278 ","EAT_GIVE_WIS",,,"0 ","0 ","0 ","0 ","0 ","0 ","0 ","0 ","0 ","0 ","0 ","0 ","0 ","0 ","0 ","0 ","0 ",
"279 ","EAT_GIVE_DEX",,,"0 ","0 ","0 ","0 ","0 ","0 ","0 ","0 ","0 ","0 ","0 ","0 ","0 ","0 ","0 ","0 ","0 ",
"280 ","EAT_GIVE_CON",,,"0 ","0 ","0 ","0 ","0 ","0 ","0 ","0 ","0 ","0 ","0 ","0 ","0 ","0 ","0 ","0 ","0 ",
"281 ","EAT_GIVE_CHR",,,"0 ","0 ","0 ","0 ","0 ","0 ","0 ","0 ","0 ","0 ","0 ","0 ","0 ","0 ","0 ","0 ","0 ",
"282 ","EAT_LOSE_STR",,,"0 ","0 ","0 ","0 ","0 ","0 ","0 ","0 ","0 ","0 ","0 ","0 ","0 ","0 ","0 ","0 ","0 ",
"283 ","EAT_LOSE_INT",,,"0 ","0 ","0 ","0 ","0 ","0 ","0 ","0 ","0 ","0 ","0 ","0 ","0 ","0 ","0 ","0 ","0 ",
"284 ","EAT_LOSE_WIS",,,"0 ","0 ","0 ","0 ","0 ","0 ","0 ","0 ","0 ","0 ","0 ","0 ","0 ","0 ","0 ","0 ","0 ",
"285 ","EAT_LOSE_DEX",,,"0 ","0 ","0 ","0 ","0 ","0 ","0 ","0 ","0 ","0 ","0 ","0 ","0 ","0 ","0 ","0 ","0 ",
"286 ","EAT_LOSE_CON",,,"0 ","0 ","0 ","0 ","0 ","0 ","0 ","0 ","0 ","0 ","0 ","0 ","0 ","0 ","0 ","0 ","0 ",
"287 ","EAT_LOSE_CHR",,,"0 ","0 ","0 ","0 ","0 ","0 ","0 ","0 ","0 ","0 ","0 ","0 ","0 ","0 ","0 ","0 ","0 ",
"288 ","IM_ACID",,,"0 ","0 ","0 ","0 ","0 ","0 ","0 ","0 ","0 ","0 ","0 ","0 ","0 ","0 ","0 ","0 ","0 ",
"289 ","IM_ELEC",,,"0 ","0 ","0 ","0 ","0 ","0 ","0 ","0 ","0 ","0 ","0 ","0 ","0 ","0 ","0 ","0 ","0 ",
"290 ","IM_FIRE",,,"0 ","0 ","0 ","0 ","0 ","0 ","0 ","0 ","0 ","0 ","0 ","0 ","0 ","0 ","0 ","0 ","0 ",
"291 ","IM_COLD",,,"0 ","0 ","0 ","0 ","0 ","0 ","0 ","0 ","0 ","0 ","0 ","0 ","0 ","0 ","0 ","0 ","0 ",
"292 ","IM_POIS",,,"0 ","0 ","0 ","0 ","0 ","0 ","0 ","0 ","0 ","0 ","0 ","0 ","0 ","0 ","0 ","0 ","0 ",
"293 ","RES_LITE",,,"0 ","0 ","0 ","0 ","0 ","0 ","0 ","0 ","0 ","0 ","0 ","0 ","0 ","0 ","0 ","0 ","0 ",
"294 ","RES_DARK",,,"0 ","0 ","0 ","0 ","0 ","0 ","0 ","0 ","0 ","0 ","0 ","0 ","0 ","0 ","0 ","0 ","0 ",
"295 ","RES_NETH",,,"0 ","0 ","0 ","0 ","0 ","0 ","0 ","0 ","0 ","0 ","0 ","0 ","0 ","0 ","0 ","0 ","0 ",
"296 ","RES_WATE",,,"0 ","0 ","0 ","0 ","0 ","0 ","0 ","0 ","0 ","0 ","0 ","0 ","0 ","0 ","0 ","0 ","0 ",
"297 ","RES_PLAS",,,"0 ","0 ","0 ","0 ","0 ","0 ","0 ","0 ","0 ","0 ","0 ","0 ","0 ","0 ","0 ","0 ","0 ",
"298 ","RES_SHAR",,,"0 ","0 ","0 ","0 ","0 ","0 ","0 ","0 ","0 ","0 ","0 ","0 ","0 ","0 ","0 ","0 ","0 ",
"299 ","RES_SOUN",,,"0 ","0 ","0 ","0 ","0 ","0 ","0 ","0 ","0 ","0 ","0 ","0 ","0 ","0 ","0 ","0 ","0 ",
"300 ","RES_CHAO",,,"0 ","0 ","0 ","0 ","0 ","0 ","0 ","0 ","0 ","0 ","0 ","0 ","0 ","0 ","0 ","0 ","0 ",
"301 ","RES_NEXU",,,"0 ","0 ","0 ","0 ","0 ","0 ","0 ","0 ","0 ","0 ","0 ","0 ","0 ","0 ","0 ","0 ","0 ",
"302 ","RES_DISE",,,"0 ","0 ","0 ","0 ","0 ","0 ","0 ","0 ","0 ","0 ","0 ","0 ","0 ","0 ","0 ","0 ","0 ",
"303 ","RES_WALL",,,"0 ","0 ","0 ","0 ","0 ","0 ","0 ","0 ","0 ","0 ","0 ","0 ","0 ","0 ","0 ","0 ","0 ",
"304 ","RES_INER",,,"0 ","0 ","0 ","0 ","0 ","0 ","0 ","0 ","0 ","0 ","0 ","0 ","0 ","0 ","0 ","0 ","0 ",
"305 ","RES_TIME",,,"0 ","0 ","0 ","0 ","0 ","0 ","0 ","0 ","0 ","0 ","0 ","0 ","0 ","0 ","0 ","0 ","0 ",
"306 ","RES_GRAV",,,"0 ","0 ","0 ","0 ","0 ","0 ","0 ","0 ","0 ","0 ","0 ","0 ","0 ","0 ","0 ","0 ","0 ",
"307 ","RES_ALL",,,"0 ","0 ","0 ","0 ","0 ","0 ","0 ","0 ","0 ","0 ","0 ","0 ","0 ","0 ","0 ","0 ","0 ",
"308 ","RES_TELE",,,"0 ","0 ","0 ","0 ","0 ","0 ","0 ","0 ","0 ","0 ","0 ","0 ","0 ","0 ","0 ","0 ","0 ",
"309 ","RES_ACID",,,"0 ","0 ","0 ","0 ","0 ","0 ","0 ","0 ","0 ","0 ","0 ","0 ","0 ","0 ","0 ","0 ","0 ",
"310 ","RES_ELEC",,,"0 ","0 ","0 ","0 ","0 ","0 ","0 ","0 ","0 ","0 ","0 ","0 ","0 ","0 ","0 ","0 ","0 ",
"311 ","RES_FIRE",,,"0 ","0 ","0 ","0 ","0 ","0 ","0 ","0 ","0 ","0 ","0 ","0 ","0 ","0 ","0 ","0 ","0 ",
"312 ","RES_COLD",,,"0 ","0 ","0 ","0 ","0 ","0 ","0 ","0 ","0 ","0 ","0 ","0 ","0 ","0 ","0 ","0 ","0 ",
"313 ","RES_POIS",,,"0 ","0 ","0 ","0 ","0 ","0 ","0 ","0 ","0 ","0 ","0 ","0 ","0 ","0 ","0 ","0 ","0 ",
"314 ","OPP_ACID",,,"0 ","0 ","0 ","0 ","0 ","0 ","0 ","0 ","0 ","0 ","0 ","0 ","0 ","0 ","0 ","0 ","0 ",
"315 ","OPP_ELEC",,,"0 ","0 ","0 ","0 ","0 ","0 ","0 ","0 ","0 ","0 ","0 ","0 ","0 ","0 ","0 ","0 ","0 ",
"316 ","OPP_FIRE",,,"0 ","0 ","0 ","0 ","0 ","0 ","0 ","0 ","0 ","0 ","0 ","0 ","0 ","0 ","0 ","0 ","0 ",
"317 ","OPP_COLD",,,"0 ","0 ","0 ","0 ","0 ","0 ","0 ","0 ","0 ","0 ","0 ","0 ","0 ","0 ","0 ","0 ","0 ",
"318 ","OPP_POIS",,,"0 ","0 ","0 ","0 ","0 ","0 ","0 ","0 ","0 ","0 ","0 ","0 ","0 ","0 ","0 ","0 ","0 ",
"319 ","XXX",,,"0 ","0 ","0 ","0 ","0 ","0 ","0 ","0 ","0 ","0 ","0 ","0 ","0 ","0 ","0 ","0 ","0 ",
"320 ","FORCE_LESSER_EGO",,,"0 ","0 ","0 ","0 ","0 ","0 ","0 ","0 ","0 ","0 ","0 ","0 ","0 ","0 ","0 ","0 ","0 ",
"321 ","XXX",,,"0 ","0 ","0 ","0 ","0 ","0 ","0 ","0 ","0 ","0 ","0 ","0 ","0 ","0 ","0 ","0 ","0 ",
"322 ","XXX",,,"0 ","0 ","0 ","0 ","0 ","0 ","0 ","0 ","0 ","0 ","0 ","0 ","0 ","0 ","0 ","0 ","0 ",
"323 ","XXX",,,"0 ","0 ","0 ","0 ","0 ","0 ","0 ","0 ","0 ","0 ","0 ","0 ","0 ","0 ","0 ","0 ","0 ",
"324 ","XXX",,,"0 ","0 ","0 ","0 ","0 ","0 ","0 ","0 ","0 ","0 ","0 ","0 ","0 ","0 ","0 ","0 ","0 ",
"325 ","VARIABLE_SIZE_EGO",,,"0 ","0 ","0 ","0 ","0 ","0 ","0 ","0 ","0 ","0 ","0 ","0 ","0 ","0 ","0 ","0 ","0 ",
"326 ","FOOD_EATER",,,"0 ","0 ","0 ","0 ","0 ","0 ","0 ","0 ","0 ","0 ","0 ","0 ","0 ","0 ","0 ","0 ","0 ",
"327 ","CORPSE_EATER",,,"0 ","0 ","0 ","0 ","0 ","0 ","0 ","0 ","0 ","0 ","0 ","0 ","0 ","0 ","0 ","0 ","0 ",
"328 ","BLOOD_DRINKER",,,"0 ","0 ","0 ","0 ","0 ","0 ","0 ","0 ","0 ","0 ","0 ","0 ","0 ","0 ","0 ","0 ","0 ",
"329 ","WATER_DRINKER",,,"0 ","0 ","0 ","0 ","0 ","0 ","0 ","0 ","0 ","0 ","0 ","0 ","0 ","0 ","0 ","0 ","0 ",
"330 ","MAGIC_EATER",,,"0 ","0 ","0 ","0 ","0 ","0 ","0 ","0 ","0 ","0 ","0 ","0 ","0 ","0 ","0 ","0 ","0 ",
"331 ","FLASK_DRINKER",,,"0 ","0 ","0 ","0 ","0 ","0 ","0 ","0 ","0 ","0 ","0 ","0 ","0 ","0 ","0 ","0 ","0 ",
"332 ","MIND_EATER",,,"0 ","0 ","0 ","0 ","0 ","0 ","0 ","0 ","0 ","0 ","0 ","0 ","0 ","0 ","0 ","0 ","0 ",
"333 ","RED_DRAGON",,,"0 ","0 ","0 ","0 ","0 ","0 ","0 ","0 ","0 ","0 ","0 ","0 ","0 ","0 ","0 ","0 ","0 ",
"334 ","WHITE_DRAGON",,,"0 ","0 ","0 ","0 ","0 ","0 ","0 ","0 ","0 ","0 ","0 ","0 ","0 ","0 ","0 ","0 ","0 ",
"335 ","BLUE_DRAGON",,,"0 ","0 ","0 ","0 ","0 ","0 ","0 ","0 ","0 ","0 ","0 ","0 ","0 ","0 ","0 ","0 ","0 ",
"336 ","BLACK_DRAGON",,,"0 ","0 ","0 ","0 ","0 ","0 ","0 ","0 ","0 ","0 ","0 ","0 ","0 ","0 ","0 ","0 ","0 ",
"337 ","GREEN_DRAGON",,,"0 ","0 ","0 ","0 ","0 ","0 ","0 ","0 ","0 ","0 ","0 ","0 ","0 ","0 ","0 ","0 ","0 ",
"338 ","CHROMATIC_DRAGON",,,"0 ","0 ","0 ","0 ","0 ","0 ","0 ","0 ","0 ","0 ","0 ","0 ","0 ","0 ","0 ","0 ","0 ",
"339 ","BRONZE_DRAGON",,,"0 ","0 ","0 ","0 ","0 ","0 ","0 ","0 ","0 ","0 ","0 ","0 ","0 ","0 ","0 ","0 ","0 ",
"340 ","SILVER_DRAGON",,,"0 ","0 ","0 ","0 ","0 ","0 ","0 ","0 ","0 ","0 ","0 ","0 ","0 ","0 ","0 ","0 ","0 ",
"341 ","GOLD_DRAGON",,,"0 ","0 ","0 ","0 ","0 ","0 ","0 ","0 ","0 ","0 ","0 ","0 ","0 ","0 ","0 ","0 ","0 ",
"342 ","CRYSTAL_DRAGON",,,"0 ","0 ","0 ","0 ","0 ","0 ","0 ","0 ","0 ","0 ","0 ","0 ","0 ","0 ","0 ","0 ","0 ",
"343 ","LAW_DRAGON",,,"0 ","0 ","0 ","0 ","0 ","0 ","0 ","0 ","0 ","0 ","0 ","0 ","0 ","0 ","0 ","0 ","0 ",
"344 ","BALANCE_DRAGON",,,"0 ","0 ","0 ","0 ","0 ","0 ","0 ","0 ","0 ","0 ","0 ","0 ","0 ","0 ","0 ","0 ","0 ",
"345 ","CHAOS_DRAGON",,,"0 ","0 ","0 ","0 ","0 ","0 ","0 ","0 ","0 ","0 ","0 ","0 ","0 ","0 ","0 ","0 ","0 ",
"346 ","XXX",,,"0 ","0 ","0 ","0 ","0 ","0 ","0 ","0 ","0 ","0 ","0 ","0 ","0 ","0 ","0 ","0 ","0 ",
"347 ","XXX",,,"0 ","0 ","0 ","0 ","0 ","0 ","0 ","0 ","0 ","0 ","0 ","0 ","0 ","0 ","0 ","0 ","0 ",
"348 ","XXX",,,"0 ","0 ","0 ","0 ","0 ","0 ","0 ","0 ","0 ","0 ","0 ","0 ","0 ","0 ","0 ","0 ","0 ",
"349 ","XXX",,,"0 ","0 ","0 ","0 ","0 ","0 ","0 ","0 ","0 ","0 ","0 ","0 ","0 ","0 ","0 ","0 ","0 ",
"350 ","XXX",,,"0 ","0 ","0 ","0 ","0 ","0 ","0 ","0 ","0 ","0 ","0 ","0 ","0 ","0 ","0 ","0 ","0 ",
"351 ","XXX",,,"0 ","0 ","0 ","0 ","0 ","0 ","0 ","0 ","0 ","0 ","0 ","0 ","0 ","0 ","0 ","0 ","0 ",
"352 ","SPIT_ACID",,,"0 ","0 ","0 ","0 ","0 ","0 ","0 ","0 ","0 ","0 ","0 ","0 ","0 ","0 ","0 ","0 ","0 ",
"353 ","BR_FIRE",,,"0 ","0 ","0 ","0 ","0 ","0 ","0 ","0 ","0 ","0 ","0 ","0 ","0 ","0 ","0 ","0 ","0 ",
"354 ","HYPN_GAZE",,,"0 ","0 ","0 ","0 ","0 ","0 ","0 ","0 ","0 ","0 ","0 ","0 ","0 ","0 ","0 ","0 ","0 ",
"355 ","TELEKINES",,,"0 ","0 ","0 ","0 ","0 ","0 ","0 ","0 ","0 ","0 ","0 ","0 ","0 ","0 ","0 ","0 ","0 ",
"356 ","VTELEPORT",,,"0 ","0 ","0 ","0 ","0 ","0 ","0 ","0 ","0 ","0 ","0 ","0 ","0 ","0 ","0 ","0 ","0 ",
"357 ","MIND_BLST",,,"0 ","0 ","0 ","0 ","0 ","0 ","0 ","0 ","0 ","0 ","0 ","0 ","0 ","0 ","0 ","0 ","0 ",
"358 ","RADIATION",,,"0 ","0 ","0 ","0 ","0 ","0 ","0 ","0 ","0 ","0 ","0 ","0 ","0 ","0 ","0 ","0 ","0 ",
"359 ","VAMPIRISM",,,"0 ","0 ","0 ","0 ","0 ","0 ","0 ","0 ","0 ","0 ","0 ","0 ","0 ","0 ","0 ","0 ","0 ",
"360 ","SMELL_MET",,,"0 ","0 ","0 ","0 ","0 ","0 ","0 ","0 ","0 ","0 ","0 ","0 ","0 ","0 ","0 ","0 ","0 ",
"361 ","SMELL_MON",,,"0 ","0 ","0 ","0 ","0 ","0 ","0 ","0 ","0 ","0 ","0 ","0 ","0 ","0 ","0 ","0 ","0 ",
"362 ","BLINK",,,"0 ","0 ","0 ","0 ","0 ","0 ","0 ","0 ","0 ","0 ","0 ","0 ","0 ","0 ","0 ","0 ","0 ",
"363 ","EAT_ROCK",,,"0 ","0 ","0 ","0 ","0 ","0 ","0 ","0 ","0 ","0 ","0 ","0 ","0 ","0 ","0 ","0 ","0 ",
"364 ","SWAP_POS",,,"0 ","0 ","0 ","0 ","0 ","0 ","0 ","0 ","0 ","0 ","0 ","0 ","0 ","0 ","0 ","0 ","0 ",
"365 ","SHRIEK",,,"0 ","0 ","0 ","0 ","0 ","0 ","0 ","0 ","0 ","0 ","0 ","0 ","0 ","0 ","0 ","0 ","0 ",
"366 ","ILLUMINE",,,"0 ","0 ","0 ","0 ","0 ","0 ","0 ","0 ","0 ","0 ","0 ","0 ","0 ","0 ","0 ","0 ","0 ",
"367 ","DET_CURSE",,,"0 ","0 ","0 ","0 ","0 ","0 ","0 ","0 ","0 ","0 ","0 ","0 ","0 ","0 ","0 ","0 ","0 ",
"368 ","BERSERK",,,"0 ","0 ","0 ","0 ","0 ","0 ","0 ","0 ","0 ","0 ","0 ","0 ","0 ","0 ","0 ","0 ","0 ",
"369 ","POLYMORPH",,,"0 ","0 ","0 ","0 ","0 ","0 ","0 ","0 ","0 ","0 ","0 ","0 ","0 ","0 ","0 ","0 ","0 ",
"370 ","MIDAS_TCH",,,"0 ","0 ","0 ","0 ","0 ","0 ","0 ","0 ","0 ","0 ","0 ","0 ","0 ","0 ","0 ","0 ","0 ",
"371 ","GROW_MOLD",,,"0 ","0 ","0 ","0 ","0 ","0 ","0 ","0 ","0 ","0 ","0 ","0 ","0 ","0 ","0 ","0 ","0 ",
"372 ","RESIST",,,"0 ","0 ","0 ","0 ","0 ","0 ","0 ","0 ","0 ","0 ","0 ","0 ","0 ","0 ","0 ","0 ","0 ",
"373 ","EARTHQUAKE",,,"0 ","0 ","0 ","0 ","0 ","0 ","0 ","0 ","0 ","0 ","0 ","0 ","0 ","0 ","0 ","0 ","0 ",
"374 ","EAT_MAGIC",,,"0 ","0 ","0 ","0 ","0 ","0 ","0 ","0 ","0 ","0 ","0 ","0 ","0 ","0 ","0 ","0 ","0 ",
"375 ","WEIGH_MAG",,,"0 ","0 ","0 ","0 ","0 ","0 ","0 ","0 ","0 ","0 ","0 ","0 ","0 ","0 ","0 ","0 ","0 ",
"376 ","STERILITY",,,"0 ","0 ","0 ","0 ","0 ","0 ","0 ","0 ","0 ","0 ","0 ","0 ","0 ","0 ","0 ","0 ","0 ",
"377 ","PANIC_HIT",,,"0 ","0 ","0 ","0 ","0 ","0 ","0 ","0 ","0 ","0 ","0 ","0 ","0 ","0 ","0 ","0 ","0 ",
"378 ","DAZZLE",,,"0 ","0 ","0 ","0 ","0 ","0 ","0 ","0 ","0 ","0 ","0 ","0 ","0 ","0 ","0 ","0 ","0 ",
"379 ","LASER_EYE",,,"0 ","0 ","0 ","0 ","0 ","0 ","0 ","0 ","0 ","0 ","0 ","0 ","0 ","0 ","0 ","0 ","0 ",
"380 ","RECALL",,,"0 ","0 ","0 ","0 ","0 ","0 ","0 ","0 ","0 ","0 ","0 ","0 ","0 ","0 ","0 ","0 ","0 ",
"381 ","BANISH",,,"0 ","0 ","0 ","0 ","0 ","0 ","0 ","0 ","0 ","0 ","0 ","0 ","0 ","0 ","0 ","0 ","0 ",
"382 ","COLD_TOUCH",,,"0 ","0 ","0 ","0 ","0 ","0 ","0 ","0 ","0 ","0 ","0 ","0 ","0 ","0 ","0 ","0 ","0 ",
"383 ","LAUNCHER",,,"0 ","0 ","0 ","0 ","0 ","0 ","0 ","0 ","0 ","0 ","0 ","0 ","0 ","0 ","0 ","0 ","0 ",
"384 ","BERS_RAGE",,,"0 ","0 ","0 ","0 ","0 ","0 ","0 ","0 ","0 ","0 ","0 ","0 ","0 ","0 ","0 ","0 ","0 ",
"385 ","COWARDICE",,,"0 ","0 ","0 ","0 ","0 ","0 ","0 ","0 ","0 ","0 ","0 ","0 ","0 ","0 ","0 ","0 ","0 ",
"386 ","RTELEPORT",,,"0 ","0 ","0 ","0 ","0 ","0 ","0 ","0 ","0 ","0 ","0 ","0 ","0 ","0 ","0 ","0 ","0 ",
"387 ","ALCOHOL",,,"0 ","0 ","0 ","0 ","0 ","0 ","0 ","0 ","0 ","0 ","0 ","0 ","0 ","0 ","0 ","0 ","0 ",
"388 ","HALLU",,,"0 ","0 ","0 ","0 ","0 ","0 ","0 ","0 ","0 ","0 ","0 ","0 ","0 ","0 ","0 ","0 ","0 ",
"389 ","FLATULENT",,,"0 ","0 ","0 ","0 ","0 ","0 ","0 ","0 ","0 ","0 ","0 ","0 ","0 ","0 ","0 ","0 ","0 ",
"390 ","SCOR_TAIL",,,"0 ","0 ","0 ","0 ","0 ","0 ","0 ","0 ","0 ","0 ","0 ","0 ","0 ","0 ","0 ","0 ","0 ",
"391 ","HORNS",,,"0 ","0 ","0 ","0 ","0 ","0 ","0 ","0 ","0 ","0 ","0 ","0 ","0 ","0 ","0 ","0 ","0 ",
"392 ","BEAK ",,,"0 ","0 ","0 ","0 ","0 ","0 ","0 ","0 ","0 ","0 ","0 ","0 ","0 ","0 ","0 ","0 ","0 ",
"393 ","ATT_DEMON",,,"0 ","0 ","0 ","0 ","0 ","0 ","0 ","0 ","0 ","0 ","0 ","0 ","0 ","0 ","0 ","0 ","0 ",
"394 ","PROD_MANA",,,"0 ","0 ","0 ","0 ","0 ","0 ","0 ","0 ","0 ","0 ","0 ","0 ","0 ","0 ","0 ","0 ","0 ",
"395 ","SPEED_FLUX",,,"0 ","0 ","0 ","0 ","0 ","0 ","0 ","0 ","0 ","0 ","0 ","0 ","0 ","0 ","0 ","0 ","0 ",
"396 ","BANISH_ALL",,,"0 ","0 ","0 ","0 ","0 ","0 ","0 ","0 ","0 ","0 ","0 ","0 ","0 ","0 ","0 ","0 ","0 ",
"397 ","EAT_LIGHT",,,"0 ","0 ","0 ","0 ","0 ","0 ","0 ","0 ","0 ","0 ","0 ","0 ","0 ","0 ","0 ","0 ","0 ",
"398 ","TRUNK",,,"0 ","0 ","0 ","0 ","0 ","0 ","0 ","0 ","0 ","0 ","0 ","0 ","0 ","0 ","0 ","0 ","0 ",
"399 ","ATT_ANIMAL",,,"0 ","0 ","0 ","0 ","0 ","0 ","0 ","0 ","0 ","0 ","0 ","0 ","0 ","0 ","0 ","0 ","0 ",
"400 ","TENTACLES",,,"0 ","0 ","0 ","0 ","0 ","0 ","0 ","0 ","0 ","0 ","0 ","0 ","0 ","0 ","0 ","0 ","0 ",
"401 ","RAW_CHAOS",,,"0 ","0 ","0 ","0 ","0 ","0 ","0 ","0 ","0 ","0 ","0 ","0 ","0 ","0 ","0 ","0 ","0 ",
"402 ","NORMALITY",,,"0 ","0 ","0 ","0 ","0 ","0 ","0 ","0 ","0 ","0 ","0 ","0 ","0 ","0 ","0 ","0 ","0 ",
"403 ","WRAITH",,,"0 ","0 ","0 ","0 ","0 ","0 ","0 ","0 ","0 ","0 ","0 ","0 ","0 ","0 ","0 ","0 ","0 ",
"404 ","POLY_WOUND",,,"0 ","0 ","0 ","0 ","0 ","0 ","0 ","0 ","0 ","0 ","0 ","0 ","0 ","0 ","0 ","0 ","0 ",
"405 ","WASTING",,,"0 ","0 ","0 ","0 ","0 ","0 ","0 ","0 ","0 ","0 ","0 ","0 ","0 ","0 ","0 ","0 ","0 ",
"406 ","ATT_DRAGON",,,"0 ","0 ","0 ","0 ","0 ","0 ","0 ","0 ","0 ","0 ","0 ","0 ","0 ","0 ","0 ","0 ","0 ",
"407 ","WEIRD_MIND",,,"0 ","0 ","0 ","0 ","0 ","0 ","0 ","0 ","0 ","0 ","0 ","0 ","0 ","0 ","0 ","0 ","0 ",
"408 ","NAUSEA",,,"0 ","0 ","0 ","0 ","0 ","0 ","0 ","0 ","0 ","0 ","0 ","0 ","0 ","0 ","0 ","0 ","0 ",
"409 ","CHAOS_GIFT",,,"0 ","0 ","0 ","0 ","0 ","0 ","0 ","0 ","0 ","0 ","0 ","0 ","0 ","0 ","0 ","0 ","0 ",
"410 ","WALK_SHAD",,,"0 ","0 ","0 ","0 ","0 ","0 ","0 ","0 ","0 ","0 ","0 ","0 ","0 ","0 ","0 ","0 ","0 ",
"411 ","WARNING",,,"0 ","0 ","0 ","0 ","0 ","0 ","0 ","0 ","0 ","0 ","0 ","0 ","0 ","0 ","0 ","0 ","0 ",
"412 ","INVULN",,,"0 ","0 ","0 ","0 ","0 ","0 ","0 ","0 ","0 ","0 ","0 ","0 ","0 ","0 ","0 ","0 ","0 ",
"413 ","SP_TO_HP",,,"0 ","0 ","0 ","0 ","0 ","0 ","0 ","0 ","0 ","0 ","0 ","0 ","0 ","0 ","0 ","0 ","0 ",
"414 ","HP_TO_SP",,,"0 ","0 ","0 ","0 ","0 ","0 ","0 ","0 ","0 ","0 ","0 ","0 ","0 ","0 ","0 ","0 ","0 ",
"415 ","DISARM",,,"0 ","0 ","0 ","0 ","0 ","0 ","0 ","0 ","0 ","0 ","0 ","0 ","0 ","0 ","0 ","0 ","0 ",
"416 ","HYPER_STR",,,"0 ","0 ","0 ","0 ","0 ","0 ","0 ","0 ","0 ","0 ","0 ","0 ","0 ","0 ","0 ","0 ","0 ",
"417 ","PUNY",,,"0 ","0 ","0 ","0 ","0 ","0 ","0 ","0 ","0 ","0 ","0 ","0 ","0 ","0 ","0 ","0 ","0 ",
"418 ","HYPER_INT",,,"0 ","0 ","0 ","0 ","0 ","0 ","0 ","0 ","0 ","0 ","0 ","0 ","0 ","0 ","0 ","0 ","0 ",
"419 ","MORONIC",,,"0 ","0 ","0 ","0 ","0 ","0 ","0 ","0 ","0 ","0 ","0 ","0 ","0 ","0 ","0 ","0 ","0 ",
"420 ","RESILIENT",,,"0 ","0 ","0 ","0 ","0 ","0 ","0 ","0 ","0 ","0 ","0 ","0 ","0 ","0 ","0 ","0 ","0 ",
"421 ","XTRA_FAT",,,"0 ","0 ","0 ","0 ","0 ","0 ","0 ","0 ","0 ","0 ","0 ","0 ","0 ","0 ","0 ","0 ","0 ",
"422 ","ALBINO",,,"0 ","0 ","0 ","0 ","0 ","0 ","0 ","0 ","0 ","0 ","0 ","0 ","0 ","0 ","0 ","0 ","0 ",
"423 ","FLESH_ROT",,,"0 ","0 ","0 ","0 ","0 ","0 ","0 ","0 ","0 ","0 ","0 ","0 ","0 ","0 ","0 ","0 ","0 ",
"424 ","SILLY_VOI",,,"0 ","0 ","0 ","0 ","0 ","0 ","0 ","0 ","0 ","0 ","0 ","0 ","0 ","0 ","0 ","0 ","0 ",
"425 ","BLANK_FAC",,,"0 ","0 ","0 ","0 ","0 ","0 ","0 ","0 ","0 ","0 ","0 ","0 ","0 ","0 ","0 ","0 ","0 ",
"426 ","ILL_NORM",,,"0 ","0 ","0 ","0 ","0 ","0 ","0 ","0 ","0 ","0 ","0 ","0 ","0 ","0 ","0 ","0 ","0 ",
"427 ","XTRA_EYES",,,"0 ","0 ","0 ","0 ","0 ","0 ","0 ","0 ","0 ","0 ","0 ","0 ","0 ","0 ","0 ","0 ","0 ",
"428 ","MAGIC_RES",,,"0 ","0 ","0 ","0 ","0 ","0 ","0 ","0 ","0 ","0 ","0 ","0 ","0 ","0 ","0 ","0 ","0 ",
"429 ","XTRA_NOIS",,,"0 ","0 ","0 ","0 ","0 ","0 ","0 ","0 ","0 ","0 ","0 ","0 ","0 ","0 ","0 ","0 ","0 ",
"430 ","INFRAVIS",,,"0 ","0 ","0 ","0 ","0 ","0 ","0 ","0 ","0 ","0 ","0 ","0 ","0 ","0 ","0 ","0 ","0 ",
"431 ","XTRA_LEGS",,,"0 ","0 ","0 ","0 ","0 ","0 ","0 ","0 ","0 ","0 ","0 ","0 ","0 ","0 ","0 ","0 ","0 ",
"432 ","SHORT_LEG",,,"0 ","0 ","0 ","0 ","0 ","0 ","0 ","0 ","0 ","0 ","0 ","0 ","0 ","0 ","0 ","0 ","0 ",
"433 ","ELEC_TOUC",,,"0 ","0 ","0 ","0 ","0 ","0 ","0 ","0 ","0 ","0 ","0 ","0 ","0 ","0 ","0 ","0 ","0 ",
"434 ","FIRE_BODY",,,"0 ","0 ","0 ","0 ","0 ","0 ","0 ","0 ","0 ","0 ","0 ","0 ","0 ","0 ","0 ","0 ","0 ",
"435 ","WART_SKIN",,,"0 ","0 ","0 ","0 ","0 ","0 ","0 ","0 ","0 ","0 ","0 ","0 ","0 ","0 ","0 ","0 ","0 ",
"436 ","SCALES",,,"0 ","0 ","0 ","0 ","0 ","0 ","0 ","0 ","0 ","0 ","0 ","0 ","0 ","0 ","0 ","0 ","0 ",
"437 ","IRON_SKIN",,,"0 ","0 ","0 ","0 ","0 ","0 ","0 ","0 ","0 ","0 ","0 ","0 ","0 ","0 ","0 ","0 ","0 ",
"438 ","WINGS",,,"0 ","0 ","0 ","0 ","0 ","0 ","0 ","0 ","0 ","0 ","0 ","0 ","0 ","0 ","0 ","0 ","0 ",
"439 ","FEARLESS",,,"0 ","0 ","0 ","0 ","0 ","0 ","0 ","0 ","0 ","0 ","0 ","0 ","0 ","0 ","0 ","0 ","0 ",
"440 ","REGEN",,,"0 ","0 ","0 ","0 ","0 ","0 ","0 ","0 ","0 ","0 ","0 ","0 ","0 ","0 ","0 ","0 ","0 ",
"441 ","ESP",,,"0 ","0 ","0 ","0 ","0 ","0 ","0 ","0 ","0 ","0 ","0 ","0 ","0 ","0 ","0 ","0 ","0 ",
"442 ","LIMBER",,,"0 ","0 ","0 ","0 ","0 ","0 ","0 ","0 ","0 ","0 ","0 ","0 ","0 ","0 ","0 ","0 ","0 ",
"443 ","ARTHRITIS",,,"0 ","0 ","0 ","0 ","0 ","0 ","0 ","0 ","0 ","0 ","0 ","0 ","0 ","0 ","0 ","0 ","0 ",
"444 ","BAD_LUCK",,,"0 ","0 ","0 ","0 ","0 ","0 ","0 ","0 ","0 ","0 ","0 ","0 ","0 ","0 ","0 ","0 ","0 ",
"445 ","VULN_ELEM",,,"0 ","0 ","0 ","0 ","0 ","0 ","0 ","0 ","0 ","0 ","0 ","0 ","0 ","0 ","0 ","0 ","0 ",
"446 ","MOTION",,,"0 ","0 ","0 ","0 ","0 ","0 ","0 ","0 ","0 ","0 ","0 ","0 ","0 ","0 ","0 ","0 ","0 ",
"447 ","GOOD_LUCK",,,"0 ","0 ","0 ","0 ","0 ","0 ","0 ","0 ","0 ","0 ","0 ","0 ","0 ","0 ","0 ","0 ","0 ",
"448 ","FIRE_BRAND",,,"0 ","0 ","0 ","0 ","0 ","0 ","0 ","0 ","0 ","0 ","0 ","0 ","0 ","0 ","0 ","0 ","0 ",
"449 ","COLD_BRAND",,,"0 ","0 ","0 ","0 ","0 ","0 ","0 ","0 ","0 ","0 ","0 ","0 ","0 ","0 ","0 ","0 ","0 ",
"450 ","ELEC_BRAND",,,"0 ","0 ","0 ","0 ","0 ","0 ","0 ","0 ","0 ","0 ","0 ","0 ","0 ","0 ","0 ","0 ","0 ",
"451 ","ACID_BRAND",,,"0 ","0 ","0 ","0 ","0 ","0 ","0 ","0 ","0 ","0 ","0 ","0 ","0 ","0 ","0 ","0 ","0 ",
"452 ","POIS_BRAND",,,"0 ","0 ","0 ","0 ","0 ","0 ","0 ","0 ","0 ","0 ","0 ","0 ","0 ","0 ","0 ","0 ","0 ",
"453 ","SUSTAIN_STR",,,"0 ","0 ","0 ","0 ","0 ","0 ","0 ","0 ","0 ","0 ","0 ","0 ","0 ","0 ","0 ","0 ","0 ",
"454 ","SUSTAIN_INT",,,"0 ","0 ","0 ","0 ","0 ","0 ","0 ","0 ","0 ","0 ","0 ","0 ","0 ","0 ","0 ","0 ","0 ",
"455 ","SUSTAIN_WIS",,,"0 ","0 ","0 ","0 ","0 ","0 ","0 ","0 ","0 ","0 ","0 ","0 ","0 ","0 ","0 ","0 ","0 ",
"456 ","SUSTAIN_DEX",,,"0 ","0 ","0 ","0 ","0 ","0 ","0 ","0 ","0 ","0 ","0 ","0 ","0 ","0 ","0 ","0 ","0 ",
"457 ","SUSTAIN_CON",,,"0 ","0 ","0 ","0 ","0 ","0 ","0 ","0 ","0 ","0 ","0 ","0 ","0 ","0 ","0 ","0 ","0 ",
"458 ","SUSTAIN_CHR",,,"0 ","0 ","0 ","0 ","0 ","0 ","0 ","0 ","0 ","0 ","0 ","0 ","0 ","0 ","0 ","0 ","0 ",
"459 ","XXX",,,"0 ","0 ","0 ","0 ","0 ","0 ","0 ","0 ","0 ","0 ","0 ","0 ","0 ","0 ","0 ","0 ","0 ",
"460 ","XXX",,,"0 ","0 ","0 ","0 ","0 ","0 ","0 ","0 ","0 ","0 ","0 ","0 ","0 ","0 ","0 ","0 ","0 ",
"461 ","XXX",,,"0 ","0 ","0 ","0 ","0 ","0 ","0 ","0 ","0 ","0 ","0 ","0 ","0 ","0 ","0 ","0 ","0 ",
"462 ","XXX",,,"0 ","0 ","0 ","0 ","0 ","0 ","0 ","0 ","0 ","0 ","0 ","0 ","0 ","0 ","0 ","0 ","0 ",
"463 ","XXX",,,"0 ","0 ","0 ","0 ","0 ","0 ","0 ","0 ","0 ","0 ","0 ","0 ","0 ","0 ","0 ","0 ","0 ",
"464 ","XXX",,,"0 ","0 ","0 ","0 ","0 ","0 ","0 ","0 ","0 ","0 ","0 ","0 ","0 ","0 ","0 ","0 ","0 ",
"465 ","XXX",,,"0 ","0 ","0 ","0 ","0 ","0 ","0 ","0 ","0 ","0 ","0 ","0 ","0 ","0 ","0 ","0 ","0 ",
"466 ","XXX",,,"0 ","0 ","0 ","0 ","0 ","0 ","0 ","0 ","0 ","0 ","0 ","0 ","0 ","0 ","0 ","0 ","0 ",
"467 ","XXX",,,"0 ","0 ","0 ","0 ","0 ","0 ","0 ","0 ","0 ","0 ","0 ","0 ","0 ","0 ","0 ","0 ","0 ",
"468 ","XXX",,,"0 ","0 ","0 ","0 ","0 ","0 ","0 ","0 ","0 ","0 ","0 ","0 ","0 ","0 ","0 ","0 ","0 ",
"469 ","XXX",,,"0 ","0 ","0 ","0 ","0 ","0 ","0 ","0 ","0 ","0 ","0 ","0 ","0 ","0 ","0 ","0 ","0 ",
"470 ","XXX",,,"0 ","0 ","0 ","0 ","0 ","0 ","0 ","0 ","0 ","0 ","0 ","0 ","0 ","0 ","0 ","0 ","0 ",
"471 ","XXX",,,"0 ","0 ","0 ","0 ","0 ","0 ","0 ","0 ","0 ","0 ","0 ","0 ","0 ","0 ","0 ","0 ","0 ",
"472 ","XXX",,,"0 ","0 ","0 ","0 ","0 ","0 ","0 ","0 ","0 ","0 ","0 ","0 ","0 ","0 ","0 ","0 ","0 ",
"473 ","XXX",,,"0 ","0 ","0 ","0 ","0 ","0 ","0 ","0 ","0 ","0 ","0 ","0 ","0 ","0 ","0 ","0 ","0 ",
"474 ","XXX",,,"0 ","0 ","0 ","0 ","0 ","0 ","0 ","0 ","0 ","0 ","0 ","0 ","0 ","0 ","0 ","0 ","0 ",
"475 ","XXX",,,"0 ","0 ","0 ","0 ","0 ","0 ","0 ","0 ","0 ","0 ","0 ","0 ","0 ","0 ","0 ","0 ","0 ",
"476 ","XXX",,,"0 ","0 ","0 ","0 ","0 ","0 ","0 ","0 ","0 ","0 ","0 ","0 ","0 ","0 ","0 ","0 ","0 ",
"477 ","XXX",,,"0 ","0 ","0 ","0 ","0 ","0 ","0 ","0 ","0 ","0 ","0 ","0 ","0 ","0 ","0 ","0 ","0 ",
"478 ","XXX",,,"0 ","0 ","0 ","0 ","0 ","0 ","0 ","0 ","0 ","0 ","0 ","0 ","0 ","0 ","0 ","0 ","0 ",
"479 ","XXX",,,"0 ","0 ","0 ","0 ","0 ","0 ","0 ","0 ","0 ","0 ","0 ","0 ","0 ","0 ","0 ","0 ","0 ",
"480 ","SEX_REVERSE",,,"0 ","0 ","0 ","0 ","0 ","0 ","0 ","0 ","0 ","0 ","0 ","0 ","0 ","0 ","0 ","0 ","0 ",
"481 ","INTERSEX",,,"0 ","0 ","0 ","0 ","0 ","0 ","0 ","0 ","0 ","0 ","0 ","0 ","0 ","0 ","0 ","0 ","0 ",
"482 ","NOSEX",,,"0 ","0 ","0 ","0 ","0 ","0 ","0 ","0 ","0 ","0 ","0 ","0 ","0 ","0 ","0 ","0 ","0 ",
"483 ","HOMOSEXUAL",,,"0 ","0 ","0 ","0 ","0 ","0 ","0 ","0 ","0 ","0 ","0 ","0 ","0 ","0 ","0 ","0 ","0 ",
"484 ","BISEXUAL",,,"0 ","0 ","0 ","0 ","0 ","0 ","0 ","0 ","0 ","0 ","0 ","0 ","0 ","0 ","0 ","0 ","0 ",
"485 ","XXX",,,"0 ","0 ","0 ","0 ","0 ","0 ","0 ","0 ","0 ","0 ","0 ","0 ","0 ","0 ","0 ","0 ","0 ",
"486 ","XXX",,,"0 ","0 ","0 ","0 ","0 ","0 ","0 ","0 ","0 ","0 ","0 ","0 ","0 ","0 ","0 ","0 ","0 ",
"487 ","XXX",,,"0 ","0 ","0 ","0 ","0 ","0 ","0 ","0 ","0 ","0 ","0 ","0 ","0 ","0 ","0 ","0 ","0 ",
"488 ","XXX",,,"0 ","0 ","0 ","0 ","0 ","0 ","0 ","0 ","0 ","0 ","0 ","0 ","0 ","0 ","0 ","0 ","0 ",
"489 ","XXX",,,"0 ","0 ","0 ","0 ","0 ","0 ","0 ","0 ","0 ","0 ","0 ","0 ","0 ","0 ","0 ","0 ","0 ",
"490 ","XXX",,,"0 ","0 ","0 ","0 ","0 ","0 ","0 ","0 ","0 ","0 ","0 ","0 ","0 ","0 ","0 ","0 ","0 ",
"491 ","XXX",,,"0 ","0 ","0 ","0 ","0 ","0 ","0 ","0 ","0 ","0 ","0 ","0 ","0 ","0 ","0 ","0 ","0 ",
"492 ","XXX",,,"0 ","0 ","0 ","0 ","0 ","0 ","0 ","0 ","0 ","0 ","0 ","0 ","0 ","0 ","0 ","0 ","0 ",
"493 ","XXX",,,"0 ","0 ","0 ","0 ","0 ","0 ","0 ","0 ","0 ","0 ","0 ","0 ","0 ","0 ","0 ","0 ","0 ",
"494 ","XXX",,,"0 ","0 ","0 ","0 ","0 ","0 ","0 ","0 ","0 ","0 ","0 ","0 ","0 ","0 ","0 ","0 ","0 ",
"495 ","XXX",,,"0 ","0 ","0 ","0 ","0 ","0 ","0 ","0 ","0 ","0 ","0 ","0 ","0 ","0 ","0 ","0 ","0 ",
"496 ","XXX",,,"0 ","0 ","0 ","0 ","0 ","0 ","0 ","0 ","0 ","0 ","0 ","0 ","0 ","0 ","0 ","0 ","0 ",
"497 ","XXX",,,"0 ","0 ","0 ","0 ","0 ","0 ","0 ","0 ","0 ","0 ","0 ","0 ","0 ","0 ","0 ","0 ","0 ",
"498 ","XXX",,,"0 ","0 ","0 ","0 ","0 ","0 ","0 ","0 ","0 ","0 ","0 ","0 ","0 ","0 ","0 ","0 ","0 ",
"499 ","XXX",,,"0 ","0 ","0 ","0 ","0 ","0 ","0 ","0 ","0 ","0 ","0 ","0 ","0 ","0 ","0 ","0 ","0 ",
"500 ","XXX",,,"0 ","0 ","0 ","0 ","0 ","0 ","0 ","0 ","0 ","0 ","0 ","0 ","0 ","0 ","0 ","0 ","0 ",
"501 ","XXX",,,"0 ","0 ","0 ","0 ","0 ","0 ","0 ","0 ","0 ","0 ","0 ","0 ","0 ","0 ","0 ","0 ","0 ",
"502 ","XXX",,,"0 ","0 ","0 ","0 ","0 ","0 ","0 ","0 ","0 ","0 ","0 ","0 ","0 ","0 ","0 ","0 ","0 ",
"503 ","XXX",,,"0 ","0 ","0 ","0 ","0 ","0 ","0 ","0 ","0 ","0 ","0 ","0 ","0 ","0 ","0 ","0 ","0 ",
"504 ","XXX",,,"0 ","0 ","0 ","0 ","0 ","0 ","0 ","0 ","0 ","0 ","0 ","0 ","0 ","0 ","0 ","0 ","0 ",
"505 ","XXX",,,"0 ","0 ","0 ","0 ","0 ","0 ","0 ","0 ","0 ","0 ","0 ","0 ","0 ","0 ","0 ","0 ","0 ",
"506 ","XXX",,,"0 ","0 ","0 ","0 ","0 ","0 ","0 ","0 ","0 ","0 ","0 ","0 ","0 ","0 ","0 ","0 ","0 ",
"507 ","XXX",,,"0 ","0 ","0 ","0 ","0 ","0 ","0 ","0 ","0 ","0 ","0 ","0 ","0 ","0 ","0 ","0 ","0 ",
"508 ","XXX",,,"0 ","0 ","0 ","0 ","0 ","0 ","0 ","0 ","0 ","0 ","0 ","0 ","0 ","0 ","0 ","0 ","0 ",
"509 ","XXX",,,"0 ","0 ","0 ","0 ","0 ","0 ","0 ","0 ","0 ","0 ","0 ","0 ","0 ","0 ","0 ","0 ","0 ",
"510 ","XXX",,,"0 ","0 ","0 ","0 ","0 ","0 ","0 ","0 ","0 ","0 ","0 ","0 ","0 ","0 ","0 ","0 ","0 ",
"511 ","XXX",,,"0 ","0 ","0 ","0 ","0 ","0 ","0 ","0 ","0 ","0 ","0 ","0 ","0 ","0 ","0 ","0 ","0 ",
"512 ","SWORD_DANCING",,,"0 ","0 ","0 ","0 ","0 ","0 ","0 ","0 ","0 ","0 ","0 ","0 ","0 ","0 ","0 ","0 ","0 ",
"513 ","STOP_HEX",,,"0 ","0 ","0 ","0 ","0 ","0 ","0 ","0 ","0 ","0 ","0 ","0 ","0 ","0 ","0 ","0 ","0 ",
"514 ","BLESS_WEAPON",,,"0 ","0 ","0 ","0 ","0 ","0 ","0 ","0 ","0 ","0 ","0 ","0 ","0 ","0 ","0 ","0 ","0 ",
"515 ","EVOCATION",,,"0 ","0 ","0 ","0 ","0 ","0 ","0 ","0 ","0 ","0 ","0 ","0 ","0 ","0 ","0 ","0 ","0 ",
"516 ","SCAN_CREATURE",,,"0 ","0 ","0 ","0 ","0 ","0 ","0 ","0 ","0 ","0 ","0 ","0 ","0 ","0 ","0 ","0 ","0 ",
"517 ","HOLY_LANCE",,,"0 ","0 ","0 ","0 ","0 ","0 ","0 ","0 ","0 ","0 ","0 ","0 ","0 ","0 ","0 ","0 ","0 ",
"518 ","HELL_LANCE",,,"0 ","0 ","0 ","0 ","0 ","0 ","0 ","0 ","0 ","0 ","0 ","0 ","0 ","0 ","0 ","0 ","0 ",
"519 ","HP_TO_SP",,,"0 ","0 ","0 ","0 ","0 ","0 ","0 ","0 ","0 ","0 ","0 ","0 ","0 ","0 ","0 ","0 ","0 ",
"520 ","SP_TO_HP",,,"0 ","0 ","0 ","0 ","0 ","0 ","0 ","0 ","0 ","0 ","0 ","0 ","0 ","0 ","0 ","0 ","0 ",
"521 ","CONFUSING_LIGHT",,,"0 ","0 ","0 ","0 ","0 ","0 ","0 ","0 ","0 ","0 ","0 ","0 ","0 ","0 ","0 ","0 ","0 ",
"522 ","POSTURE",,,"0 ","0 ","0 ","0 ","0 ","0 ","0 ","0 ","0 ","0 ","0 ","0 ","0 ","0 ","0 ","0 ","0 ",
"523 ","DOUBLE_ATTACK",,,"0 ","0 ","0 ","0 ","0 ","0 ","0 ","0 ","0 ","0 ","0 ","0 ","0 ","0 ","0 ","0 ","0 ",
"524 ","CLEAR_MIND",,,"0 ","0 ","0 ","0 ","0 ","0 ","0 ","0 ","0 ","0 ","0 ","0 ","0 ","0 ","0 ","0 ","0 ",
"525 ","TAKE_PHOTO",,,"0 ","0 ","0 ","0 ","0 ","0 ","0 ","0 ","0 ","0 ","0 ","0 ","0 ","0 ","0 ","0 ","0 ",
"526 ","IDENTIFY_TRUE",,,"0 ","0 ","0 ","0 ","0 ","0 ","0 ","0 ","0 ","0 ","0 ","0 ","0 ","0 ","0 ","0 ","0 ",
"527 ","DOUBLE_REVENGE",,,"0 ","0 ","0 ","0 ","0 ","0 ","0 ","0 ","0 ","0 ","0 ","0 ","0 ","0 ","0 ","0 ","0 ",
"528 ","DOMINATE_LIVE",,,"0 ","0 ","0 ","0 ","0 ","0 ","0 ","0 ","0 ","0 ","0 ","0 ","0 ","0 ","0 ","0 ","0 ",
"529 ","DOMINATE_LIVES",,,"0 ","0 ","0 ","0 ","0 ","0 ","0 ","0 ","0 ","0 ","0 ","0 ","0 ","0 ","0 ","0 ","0 ",
"530 ","CREATE_AMMO",,,"0 ","0 ","0 ","0 ","0 ","0 ","0 ","0 ","0 ","0 ","0 ","0 ","0 ","0 ","0 ","0 ","0 ",
"531 ","ABSORB_MAGIC",,,"0 ","0 ","0 ","0 ","0 ","0 ","0 ","0 ","0 ","0 ","0 ","0 ","0 ","0 ","0 ","0 ","0 ",
"532 ","STOP_SINGING",,,"0 ","0 ","0 ","0 ","0 ","0 ","0 ","0 ","0 ","0 ","0 ","0 ","0 ","0 ","0 ","0 ","0 ",
"533 ","DOUBLE_MAGIC",,,"0 ","0 ","0 ","0 ","0 ","0 ","0 ","0 ","0 ","0 ","0 ","0 ","0 ","0 ","0 ","0 ","0 ",
"534 ","CONCENTRATION",,,"0 ","0 ","0 ","0 ","0 ","0 ","0 ","0 ","0 ","0 ","0 ","0 ","0 ","0 ","0 ","0 ","0 ",
"535 ","POSTURE2",,,"0 ","0 ","0 ","0 ","0 ","0 ","0 ","0 ","0 ","0 ","0 ","0 ","0 ","0 ","0 ","0 ","0 ",
"536 ","LEARNING",,,"0 ","0 ","0 ","0 ","0 ","0 ","0 ","0 ","0 ","0 ","0 ","0 ","0 ","0 ","0 ","0 ","0 ",
"537 ","RODEO",,,"0 ","0 ","0 ","0 ","0 ","0 ","0 ","0 ","0 ","0 ","0 ","0 ","0 ","0 ","0 ","0 ","0 ",
"538 ","BREAK_MIRROR",,,"0 ","0 ","0 ","0 ","0 ","0 ","0 ","0 ","0 ","0 ","0 ","0 ","0 ","0 ","0 ","0 ","0 ",
"539 ","MIRROR_CONC",,,"0 ","0 ","0 ","0 ","0 ","0 ","0 ","0 ","0 ","0 ","0 ","0 ","0 ","0 ","0 ","0 ","0 ",
"540 ","WEAPON_JUDGE",,,"0 ","0 ","0 ","0 ","0 ","0 ","0 ","0 ","0 ","0 ","0 ","0 ","0 ","0 ","0 ","0 ","0 ",
"541 ","QUICK_WALK",,,"0 ","0 ","0 ","0 ","0 ","0 ","0 ","0 ","0 ","0 ","0 ","0 ","0 ","0 ","0 ","0 ","0 ",
"542 ","DETECT_DOOR_TRAP",,,"0 ","0 ","0 ","0 ","0 ","0 ","0 ","0 ","0 ","0 ","0 ","0 ","0 ","0 ","0 ","0 ","0 ",
"543 ","CREATE_FOOD",,,"0 ","0 ","0 ","0 ","0 ","0 ","0 ","0 ","0 ","0 ","0 ","0 ","0 ","0 ","0 ","0 ","0 ",
"544 ","SHADOW_SHIFT",,,"0 ","0 ","0 ","0 ","0 ","0 ","0 ","0 ","0 ","0 ","0 ","0 ","0 ","0 ","0 ","0 ","0 ",
"545 ","PATTERN_WALK",,,"0 ","0 ","0 ","0 ","0 ","0 ","0 ","0 ","0 ","0 ","0 ","0 ","0 ","0 ","0 ","0 ","0 ",
"546 ","EXPLOSIVE_RUNE",,,"0 ","0 ","0 ","0 ","0 ","0 ","0 ","0 ","0 ","0 ","0 ","0 ","0 ","0 ","0 ","0 ","0 ",
"547 ","STONE_TO_MUD",,,"0 ","0 ","0 ","0 ","0 ","0 ","0 ","0 ","0 ","0 ","0 ","0 ","0 ","0 ","0 ","0 ","0 ",
"548 ","THROW_BOULDER",,,"0 ","0 ","0 ","0 ","0 ","0 ","0 ","0 ","0 ","0 ","0 ","0 ","0 ","0 ","0 ","0 ","0 ",
"549 ","SCARE_MONSTER",,,"0 ","0 ","0 ","0 ","0 ","0 ","0 ","0 ","0 ","0 ","0 ","0 ","0 ","0 ","0 ","0 ","0 ",
"550 ","POISON_DART",,,"0 ","0 ","0 ","0 ","0 ","0 ","0 ","0 ","0 ","0 ","0 ","0 ","0 ","0 ","0 ","0 ","0 ",
"551 ","MAGIC_MISSILE",,,"0 ","0 ","0 ","0 ","0 ","0 ","0 ","0 ","0 ","0 ","0 ","0 ","0 ","0 ","0 ","0 ","0 ",
"552 ","XXX552",,,"0 ","0 ","0 ","0 ","0 ","0 ","0 ","0 ","0 ","0 ","0 ","0 ","0 ","0 ","0 ","0 ","0 ",
"553 ","FIRE_BOLT",,,"0 ","0 ","0 ","0 ","0 ","0 ","0 ","0 ","0 ","0 ","0 ","0 ","0 ","0 ","0 ","0 ","0 ",
"554 ","FIRE_BALL",,,"0 ","0 ","0 ","0 ","0 ","0 ","0 ","0 ","0 ","0 ","0 ","0 ","0 ","0 ","0 ","0 ","0 ",
"555 ","STONE_SKIN",,,"0 ","0 ","0 ","0 ","0 ","0 ","0 ","0 ","0 ","0 ","0 ","0 ","0 ","0 ","0 ","0 ","0 ",
"556 ","RESTORE_LIFE",,,"0 ","0 ","0 ","0 ","0 ","0 ","0 ","0 ","0 ","0 ","0 ","0 ","0 ","0 ","0 ","0 ","0 ",
"557 ","DRAIN_LIFE",,,"0 ","0 ","0 ","0 ","0 ","0 ","0 ","0 ","0 ","0 ","0 ","0 ","0 ","0 ","0 ","0 ","0 ",
"558 ","SLEEPING_DUST",,,"0 ","0 ","0 ","0 ","0 ","0 ","0 ","0 ","0 ","0 ","0 ","0 ","0 ","0 ","0 ","0 ","0 ",
"559 ","EXPAND_HLIZN",,,"0 ","0 ","0 ","0 ","0 ","0 ","0 ","0 ","0 ","0 ","0 ","0 ","0 ","0 ","0 ","0 ","0 ",
"560 ","RAY_GUN",,,"0 ","0 ","0 ","0 ","0 ","0 ","0 ","0 ","0 ","0 ","0 ","0 ","0 ","0 ","0 ","0 ","0 ",
"561 ","BLASTER",,,"0 ","0 ","0 ","0 ","0 ","0 ","0 ","0 ","0 ","0 ","0 ","0 ","0 ","0 ","0 ","0 ","0 ",
"562 ","BAZOOKA",,,"0 ","0 ","0 ","0 ","0 ","0 ","0 ","0 ","0 ","0 ","0 ","0 ","0 ","0 ","0 ","0 ","0 ",
"563 ","BEAM_CANNON",,,"0 ","0 ","0 ","0 ","0 ","0 ","0 ","0 ","0 ","0 ","0 ","0 ","0 ","0 ","0 ","0 ","0 ",
"564 ","XXX564",,,"0 ","0 ","0 ","0 ","0 ","0 ","0 ","0 ","0 ","0 ","0 ","0 ","0 ","0 ","0 ","0 ","0 ",
"565 ","XXX",,,"0 ","0 ","0 ","0 ","0 ","0 ","0 ","0 ","0 ","0 ","0 ","0 ","0 ","0 ","0 ","0 ","0 ",
"566 ","XXX",,,"0 ","0 ","0 ","0 ","0 ","0 ","0 ","0 ","0 ","0 ","0 ","0 ","0 ","0 ","0 ","0 ","0 ",
"567 ","XXX",,,"0 ","0 ","0 ","0 ","0 ","0 ","0 ","0 ","0 ","0 ","0 ","0 ","0 ","0 ","0 ","0 ","0 ",
"568 ","XXX",,,"0 ","0 ","0 ","0 ","0 ","0 ","0 ","0 ","0 ","0 ","0 ","0 ","0 ","0 ","0 ","0 ","0 ",
"569 ","XXX",,,"0 ","0 ","0 ","0 ","0 ","0 ","0 ","0 ","0 ","0 ","0 ","0 ","0 ","0 ","0 ","0 ","0 ",
"570 ","XXX",,,"0 ","0 ","0 ","0 ","0 ","0 ","0 ","0 ","0 ","0 ","0 ","0 ","0 ","0 ","0 ","0 ","0 ",
"571 ","XXX",,,"0 ","0 ","0 ","0 ","0 ","0 ","0 ","0 ","0 ","0 ","0 ","0 ","0 ","0 ","0 ","0 ","0 ",
"572 ","XXX",,,"0 ","0 ","0 ","0 ","0 ","0 ","0 ","0 ","0 ","0 ","0 ","0 ","0 ","0 ","0 ","0 ","0 ",
"573 ","XXX",,,"0 ","0 ","0 ","0 ","0 ","0 ","0 ","0 ","0 ","0 ","0 ","0 ","0 ","0 ","0 ","0 ","0 ",
"574 ","XXX",,,"0 ","0 ","0 ","0 ","0 ","0 ","0 ","0 ","0 ","0 ","0 ","0 ","0 ","0 ","0 ","0 ","0 ",
"575 ","XXX",,,"0 ","0 ","0 ","0 ","0 ","0 ","0 ","0 ","0 ","0 ","0 ","0 ","0 ","0 ","0 ","0 ","0 ",
"576 ","HUMAN",,,"0 ","0 ","0 ","0 ","0 ","0 ","0 ","0 ","0 ","0 ","0 ","0 ","0 ","0 ","0 ","0 ","0 ",
"577 ","ELD",,,"0 ","0 ","0 ","0 ","0 ","0 ","0 ","0 ","0 ","0 ","0 ","0 ","0 ","0 ","0 ","0 ","0 ",
"578 ","DWARF",,,"0 ","0 ","0 ","0 ","0 ","0 ","0 ","0 ","0 ","0 ","0 ","0 ","0 ","0 ","0 ","0 ","0 ",
"579 ","DEMON",,,"0 ","0 ","0 ","0 ","0 ","0 ","0 ","0 ","0 ","0 ","0 ","0 ","0 ","0 ","0 ","0 ","0 ",
"580 ","ANGEL",,,"0 ","0 ","0 ","0 ","0 ","0 ","0 ","0 ","0 ","0 ","0 ","0 ","0 ","0 ","0 ","0 ","0 ",
"581 ","GIANT",,,"0 ","0 ","0 ","0 ","0 ","0 ","0 ","0 ","0 ","0 ","0 ","0 ","0 ","0 ","0 ","0 ","0 ",
"582 ","TROLL",,,"0 ","0 ","0 ","0 ","0 ","0 ","0 ","0 ","0 ","0 ","0 ","0 ","0 ","0 ","0 ","0 ","0 ",
"583 ","ORC",,,"0 ","0 ","0 ","0 ","0 ","0 ","0 ","0 ","0 ","0 ","0 ","0 ","0 ","0 ","0 ","0 ","0 ",
"584 ","DRAGON",,,"0 ","0 ","0 ","0 ","0 ","0 ","0 ","0 ","0 ","0 ","0 ","0 ","0 ","0 ","0 ","0 ","0 ",
"585 ","ALIEN",,,"0 ","0 ","0 ","0 ","0 ","0 ","0 ","0 ","0 ","0 ","0 ","0 ","0 ","0 ","0 ","0 ","0 ",
"586 ","ANIMAL",,,"0 ","0 ","0 ","0 ","0 ","0 ","0 ","0 ","0 ","0 ","0 ","0 ","0 ","0 ","0 ","0 ","0 ",
"587 ","XXX",,,"0 ","0 ","0 ","0 ","0 ","0 ","0 ","0 ","0 ","0 ","0 ","0 ","0 ","0 ","0 ","0 ","0 ",
"588 ","XXX",,,"0 ","0 ","0 ","0 ","0 ","0 ","0 ","0 ","0 ","0 ","0 ","0 ","0 ","0 ","0 ","0 ","0 ",
"589 ","XXX",,,"0 ","0 ","0 ","0 ","0 ","0 ","0 ","0 ","0 ","0 ","0 ","0 ","0 ","0 ","0 ","0 ","0 ",
"590 ","XXX",,,"0 ","0 ","0 ","0 ","0 ","0 ","0 ","0 ","0 ","0 ","0 ","0 ","0 ","0 ","0 ","0 ","0 ",
"591 ","XXX",,,"0 ","0 ","0 ","0 ","0 ","0 ","0 ","0 ","0 ","0 ","0 ","0 ","0 ","0 ","0 ","0 ","0 ",
"592 ","XXX",,,"0 ","0 ","0 ","0 ","0 ","0 ","0 ","0 ","0 ","0 ","0 ","0 ","0 ","0 ","0 ","0 ","0 ",
"593 ","XXX",,,"0 ","0 ","0 ","0 ","0 ","0 ","0 ","0 ","0 ","0 ","0 ","0 ","0 ","0 ","0 ","0 ","0 ",
"594 ","XXX",,,"0 ","0 ","0 ","0 ","0 ","0 ","0 ","0 ","0 ","0 ","0 ","0 ","0 ","0 ","0 ","0 ","0 ",
"595 ","XXX",,,"0 ","0 ","0 ","0 ","0 ","0 ","0 ","0 ","0 ","0 ","0 ","0 ","0 ","0 ","0 ","0 ","0 ",
"596 ","XXX",,,"0 ","0 ","0 ","0 ","0 ","0 ","0 ","0 ","0 ","0 ","0 ","0 ","0 ","0 ","0 ","0 ","0 ",
"597 ","XXX",,,"0 ","0 ","0 ","0 ","0 ","0 ","0 ","0 ","0 ","0 ","0 ","0 ","0 ","0 ","0 ","0 ","0 ",
"598 ","XXX",,,"0 ","0 ","0 ","0 ","0 ","0 ","0 ","0 ","0 ","0 ","0 ","0 ","0 ","0 ","0 ","0 ","0 ",
"599 ","XXX",,,"0 ","0 ","0 ","0 ","0 ","0 ","0 ","0 ","0 ","0 ","0 ","0 ","0 ","0 ","0 ","0 ","0 ",
"600 ","XXX",,,"0 ","0 ","0 ","0 ","0 ","0 ","0 ","0 ","0 ","0 ","0 ","0 ","0 ","0 ","0 ","0 ","0 ",
"601 ","XXX",,,"0 ","0 ","0 ","0 ","0 ","0 ","0 ","0 ","0 ","0 ","0 ","0 ","0 ","0 ","0 ","0 ","0 ",
"602 ","XXX",,,"0 ","0 ","0 ","0 ","0 ","0 ","0 ","0 ","0 ","0 ","0 ","0 ","0 ","0 ","0 ","0 ","0 ",
"603 ","XXX",,,"0 ","0 ","0 ","0 ","0 ","0 ","0 ","0 ","0 ","0 ","0 ","0 ","0 ","0 ","0 ","0 ","0 ",
"604 ","XXX",,,"0 ","0 ","0 ","0 ","0 ","0 ","0 ","0 ","0 ","0 ","0 ","0 ","0 ","0 ","0 ","0 ","0 ",
"605 ","XXX",,,"0 ","0 ","0 ","0 ","0 ","0 ","0 ","0 ","0 ","0 ","0 ","0 ","0 ","0 ","0 ","0 ","0 ",
"606 ","XXX",,,"0 ","0 ","0 ","0 ","0 ","0 ","0 ","0 ","0 ","0 ","0 ","0 ","0 ","0 ","0 ","0 ","0 ",
